Project Name,Count packages,Sum LOC,Average LOC,Pareto category
4pr0n_ripme,9,12103,94.5546875,30
abel533_ECharts,14,18196,127.2447552,20
abel533_Mapper,61,23498,42.646098,30
abrensch_brouter,11,19460,104.6236559,40
acciente_oacc-core,13,46785,182.0428016,20
Accla_d4m_api_java,18,24183,101.6092437,20
aceleradora6-tw_RegistroLivre,8,1531,41.37837838,40
addthis_hydra,75,89103,74.43859649,20
addthis_meshy,6,5747,68.41666667,30
AdoptOpenJDK_mjprof,19,3057,33.59340659,30
akquinet_vaadinator,36,9481,56.77245509,30
Alexey1Gavrilov_expectit,9,4796,51.56989247,30
allanbank_mongodb-async-driver,36,121177,193.5734824,20
altamiracorp_honeycomb,15,8461,69.92561983,30
andrewgaul_modernizer-maven-plugin,2,1708,47.44444444,30
andrewgaul_s3proxy,2,6195,119.1346154,30
andytill_erlyberly,6,6386,92.55072464,30
antoniomaria_gazpachoquest,87,19090,33.55008787,30
apache_airavata,198,1475923,177.8863445,30
apache_curator,56,45667,67.2562592,30
apache_drill,323,1285414,78.8936353,20
apache_incubator-samoa,50,34244,77.12612613,30
apache_incubator-tamaya,11,33884,66.1796875,40
apache_incubator-twill,24,24185,55.9837963,40
apache_jackrabbit-filevault,42,58032,91.10204082,20
apache_knox,194,91116,59.78740157,10
apache_metamodel,48,60557,66.69273128,20
apache_olingo-odata2,109,125131,94.01277235,30
apache_olingo-odata4,146,146163,60.29826733,30
apache_servicemix,30,2783,26.25471698,20
apache_storm,333,362225,90.85151743,20
apache_struts,183,185417,69.86322532,20
apache_struts-examples,49,6312,32.53608247,30
apache_tajo,162,876694,245.6413561,10
apache_uima-uimafit,34,22413,53.36428571,10
Appendium_flatpack,28,7138,72.83673469,20
Appendium_objectlabkit,24,16220,55.54794521,20
appium_java-client,40,14253,44.12693498,10
arangodb_arangodb-java-driver,32,31820,90.65527066,20
ArcBees_gwtquery-draggable-plugin,14,10165,66.00649351,30
ArcBees_gwtquery-tooltip-plugin,13,5932,42.07092199,20
Archarithms_bigio,14,8409,60.93478261,30
arnohaase_a-base,13,17828,81.40639269,20
arquillian_arquillian-cube,125,35835,44.1317734,10
ArtificerRepo_artificer,144,81576,63.98117647,30
astefanutti_camel-cdi,13,7494,31.09543568,30
ATLauncher_ATLauncher,43,24826,92.63432836,10
att_XACML,47,88638,132.2955224,30
audit4j_audit4j-core,27,15684,70.64864865,10
augustt198_lumen,30,6267,36.86470588,20
avandeursen_jpacman-framework-v5,5,2301,76.7,30
awslabs_aws-ant-tasks,5,4930,71.44927536,40
awslabs_aws-dynamodb-encryption-java,17,21191,95.45495495,20
awslabs_aws-sdk-java-resources,15,16559,57.69686411,40
AzureAD_azure-activedirectory-library-for-java,2,3811,56.88059701,30
Azure_azure-documentdb-java,3,2976,63.31914894,20
Baqend_Orestes-Bloomfilter,7,4476,99.46666667,40
basis-technology-corp_tcl-regex-java,1,6020,128.0851064,60
bedrin_jdbc-sniffer,10,12448,77.31677019,20
bedrin_jsonde,53,9468,46.87128713,20
benas_easy-batch,56,14774,33.05145414,30
benjiman_expressions,9,4386,20.88571429,40
biboudis_streamalg,13,10492,88.91525424,30
bitcoin-solutions_multibit-website,14,1956,44.45454545,20
bitcoinj_bitcoinj,25,112880,196.6550523,20
BjoernKW_ZenQuery,8,1091,37.62068966,20
blockchain_api-v1-client-java,10,2762,76.72222222,20
bonigarcia_dualsub,4,3729,76.10204082,40
brettwooldridge_HikariJSON,3,1031,44.82608696,50
bruno-medeiros_DDT,166,84648,47.63534046,20
buschmais_extended-objects,87,10698,31.46470588,20
bytedeco_javacpp,3,24990,213.5897436,50
bywan_trello-java-wrapper,9,4550,71.09375,20
c4fcm_CLIFF,15,4132,76.51851852,20
caelum_mamute,63,15174,34.02242152,10
caelum_vraptor-panettone,7,2352,34.58823529,30
CalebFenton_simplify,14,21259,71.57912458,20
calrissian_flowmix,19,3877,40.81052632,30
camelinaction_camelinaction,5,9190,23.74677003,30
caoxinyu_RedisClient,27,11562,64.59217877,10
CaptainBern_Reflection,39,11023,48.99111111,10
caskdata_cdap,535,365826,64.1574886,20
caskdata_coopr,63,43119,68.88019169,30
caskdata_tephra,26,52361,106.2089249,30
castlabs_dashencrypt,9,5633,92.3442623,30
cecom_pomutils,5,1351,46.5862069,30
ceph_cephfs-hadoop,2,1047,58.16666667,30
ceskaexpedice_kramerius,284,84084,63.79666161,20
cglib_cglib,12,17839,51.26149425,40
chanedi_QuickProject,27,6655,65.24509804,20
chanjarster_tomcat-mongo-access-log,3,2598,60.41860465,40
chanjarster_weixin-java-tools,30,14080,51.57509158,30
chaupal_jxse,118,150957,129.3547558,20
chenlb_mmseg4j-core,3,2130,59.16666667,20
cinovo_cloudconductor-server,24,10267,57.67977528,30
citerus_bookstore-cqrs-example,35,1921,17,30
clinejj_foursquare-api-java,6,5408,56.33333333,30
cloudera_cm_ext,29,11800,40.83044983,30
Cloudslab_cloudsim,31,39000,118.5410334,30
CloudSlang_cloud-slang,51,23963,67.6920904,30
Co0sh_BetonQuest,42,38172,80.02515723,20
codecentric_spring-boot-starter-batch-web,21,2789,29.67021277,30
codefollower_Tomcat-Research,170,595860,108.0827136,20
codeine-cd_codeine,53,17107,41.72439024,10
codelibs_elasticsearch-cluster-runner,3,1183,131.4444444,20
codelibs_elasticsearch-taste,19,16368,62.95384615,30
cognitect_transit-java,3,4362,43.62,20
commons-rdf_commons-rdf,2,1646,63.30769231,30
consulo_consulo-dotnet,73,17241,34.62048193,20
contentful_contentful-management.java,6,16433,98.9939759,30
copper-engine_copper-engine,31,23607,60.06870229,30
CorfuDB_CorfuDB,80,62360,88.70554765,10
cternes_openkeepass,14,6245,45.58394161,40
cybergarage_cybergarage-upnp,36,16699,70.75847458,30
DABSquared_gitlab-plugin,31,16180,66.58436214,20
damiencarol_jsr203-hadoop,1,2929,94.48387097,60
dangdangdotcom_config-toolkit,23,2003,32.30645161,20
danielflower_multi-module-maven-release-plugin,3,3887,54.74647887,50
danmbox_briss2,5,3676,83.54545455,50
darcy-framework_darcy-ui,7,6499,27.53813559,30
darcy-framework_darcy-webdriver,5,4281,42.38613861,30
dart-maven-plugin_dart-maven-plugin,2,1424,142.4,30
dashbuilder_dashbuilder,119,46959,45.76900585,30
databricks_learning-spark,3,1878,27.2173913,40
DataDog_jmxfetch,6,5406,100.1111111,30
datanucleus_datanucleus-core,43,139417,140.3997986,20
davidmoten_rtree,12,19826,104.3473684,20
davidmoten_rxjava-extras,10,13133,62.24170616,30
davidmoten_rxjava-jdbc,5,9228,83.89090909,30
dbfit_dbfit,11,10245,32.83653846,20
ddavison_conductor,2,1090,109,30
Devexperts_aprof,8,7861,73.46728972,30
devnied_EMV-NFC-Paycard-Enrollment,15,5877,79.41891892,30
dgageot_simplelenium,10,2340,36,20
dibbhatt_kafka-spark-consumer,2,1755,53.18181818,30
DICE-UNC_idrop,21,36369,127.6105263,40
DICE-UNC_jargon,52,104072,138.2098274,20
digidotcom_XBeeJavaLibrary,60,67505,161.882494,10
digitalfondue_lavagna,19,18739,56.78484848,30
dobrynya_nomin,10,5032,27.95555556,30
documents4j_documents4j,13,9014,36.34677419,40
dpaukov_combinatoricslib,11,5205,94.63636364,20
drankye_haox,70,32552,52,30
dropwizard_dropwizard-java8,22,2665,22.02479339,20
dropwizard_dropwizard-protobuf,3,4001,200.05,20
dropwizard_metrics,30,22725,60.6,40
druid-io_druid,314,354277,63.46775349,20
dschulten_hydra-java,12,9556,60.48101266,40
dswarm_dswarm,66,25137,74.15044248,40
ebay_oink,9,1603,45.8,40
eclipse-jetty_eclipse-jetty-plugin,26,14338,117.5245902,20
eclipsesource_J2V8,4,20986,189.0630631,40
eclipse_leshan,56,25484,72.39772727,40
edgedalmacio_phisix,8,1231,39.70967742,20
edwardcapriolo_nibiru,26,6650,39.82035928,30
effektif_effektif,44,23331,50.60954447,40
ehcache_ehcache-jcache,2,2316,110.2857143,30
ehcache_sizeof,5,2614,36.81690141,30
Eldelshell_jongo,16,6412,90.30985915,30
ElectronicChartCentre_java-vector-tile,2,15119,559.962963,30
elibom_jogger,14,4999,59.51190476,40
embulk_embulk,23,27138,55.04665314,20
englishtown_vertx-cassandra,21,3647,45.02469136,20
englishtown_vertx-jersey,29,5421,32.85454545,30
englishtown_vertx-when,9,2162,65.51515152,20
enonic_xp,427,184505,38.52683232,20
ESAPI_esapi-java-legacy,26,41618,120.283237,30
eseifert_gral,27,29570,83.29577465,40
eseifert_vectorgraphics2d,9,6956,58.94915254,30
esigate_esigate,33,17547,55.00626959,20
EsmerilProgramming_cloverx,23,4082,32.14173228,20
ethereum_ethereumj,57,70537,82.21095571,10
etsy_statsd-jvm-profiler,7,1942,42.2173913,30
EugeneKay_subsonic,28,43473,82.64828897,20
Evil-Co_NBT-Lib,4,1307,59.40909091,20
evrythng_evrythng-java-sdk,30,15016,50.72972973,30
ExactTarget_fuel-java,2,41507,100.5012107,40
eXparity_hamcrest-date,4,9649,116.253012,40
expercise_expercise,46,4836,25.58730159,20
extjwnl_extjwnl,16,17803,98.35911602,30
exxeleron_qJava,2,6051,99.19672131,50
fabric8io_quickstarts,39,9622,22.80094787,20
FasterXML_jackson-dataformat-cbor,1,5230,174.3333333,60
feroult_yawp,71,19360,47.56756757,10
fesh0r_fernflower,33,50044,121.1719128,20
fhoeben_hsac-fitnesse-fixtures,18,22044,78.44839858,20
fhussonnois_storm-trident-elasticsearch,9,1394,31.68181818,20
fiji_Stitching,8,9822,125.9230769,40
fiji_TrackMate,40,44112,109.1881188,20
fiji_Trainable_Segmentation,7,24702,329.36,40
filoghost_HolographicDisplays,41,13622,63.35813953,10
finn-no_cassandra-hadoop,4,4777,132.6944444,40
Firebase_geofire-java,3,1763,70.52,40
fizzed_java-stork,8,4224,71.59322034,10
fizzed_stork,8,4224,71.59322034,10
flaxsearch_luwak,13,7589,43.11931818,30
FlexTradeUKLtd_jfixture,32,7149,21.59818731,20
flipkart-incubator_foxtrot,66,16223,52.16398714,10
flipkart-incubator_Lois,7,1044,37.28571429,10
Flow_Caustic,11,9716,110.4090909,30
Flow_engine,61,14056,61.64912281,10
Flow_nbt,8,2219,55.475,20
Flow_network,12,1549,43.02777778,20
Flow_React,13,13890,165.3571429,20
fluo-io_fluo,45,30355,68.83219955,30
forge_roaster,9,11627,67.20809249,40
foxinmy_weixin4j,103,55839,85.90615385,20
freemarker_fmpp,9,20023,113.7670455,40
freenet_plugin-Freetalk,10,18804,109.9649123,20
galenframework_galen,51,20647,48.69575472,20
ganshane_shakey,8,16045,86.72972973,40
geckoboard-java-api_highchart-java-api,12,3988,78.19607843,20
geftimov_MapReduce,25,3634,41.77011494,10
getsentry_raven-java,34,14514,63.37991266,20
gid15_jpcsp,93,318380,161.0419828,10
glazedlists_glazedlists,46,103040,87.17428088,20
GlenKPeterson_fp4java7,9,21952,79.53623188,30
glowroot_glowroot,90,672059,160.2811829,30
GlowstoneMC_Glowstone,99,154102,57.67290419,20
GluuFederation_oxAuth,128,93496,122.0574413,10
GluuFederation_oxTrust,106,55596,88.9536,10
gmantele_taplib,44,74798,188.4080605,20
gonmarques_cdi-properties,13,1423,27.36538462,10
GoogleCloudPlatform_bigdata-interop,11,30544,96.96507937,40
GoogleCloudPlatform_gcloud-java,28,17209,60.38245614,30
googlegenomics_dataflow-java,12,8263,44.66486486,50
googlemaps_google-maps-services-java,5,20658,59.02285714,30
google_acai,1,1709,23.73611111,60
google_closure-compiler,37,330449,156.0930562,20
google_closure-stylesheets,5,47590,85.74774775,30
google_closure-templates,69,176579,89.36184211,20
google_error-prone,42,107144,53.01533894,20
google_google-api-java-client,24,23024,119.2953368,30
google_google-auth-library-java,4,9029,88.51960784,40
google_google-http-java-client,25,28051,73.24020888,30
google_google-oauth-java-client,11,7112,68.38461538,30
google_guice,32,111375,41.09778598,30
google_identity-toolkit-java-client,1,1476,77.68421053,60
google_jimfs,1,17757,119.9797297,60
google_truth,6,61005,130.0746269,30
gosu-lang_gosu-lang,177,230324,79.06762788,20
GrammarViz2_grammarviz2_src,12,6506,112.1724138,30
graphaware_neo4j-algorithms,8,2360,38.68852459,40
graphaware_neo4j-noderank,2,1346,49.85185185,50
Graphify_graphify,11,2582,92.21428571,10
Graphity_graphity-client,18,3011,75.275,10
gravel-st_gravel,9,43119,59.72160665,30
gridkit_nanocloud,33,59445,70.34911243,20
groupon_DotCi,32,8935,39.36123348,10
groupon_odo,15,13833,150.3586957,30
grpc_grpc-java,50,128958,78.01451906,20
GumTreeDiff_gumtree,36,64016,142.5746102,10
gwtbootstrap3_gwtbootstrap3,19,28606,42.82335329,40
gwtbootstrap3_gwtbootstrap3-demo,50,158059,70.7515667,30
gwtbootstrap3_gwtbootstrap3-extras,54,29519,34.4044289,40
h2oai_h2o,45,123870,89.56616052,20
h3xstream_http-script-generator,6,3085,38.08641975,30
HadoopGenomics_Hadoop-BAM,4,9671,70.07971014,40
hal_circuit,17,23578,64.59726027,30
hankcs_HanLP,107,57216,87.48623853,20
hansenji_pocketknife,6,3688,51.94366197,30
harishreedharan_usingflumecode,4,5226,106.6530612,40
HdrHistogram_HdrHistogram,3,10448,135.6883117,20
headissue_cache2k,38,36885,74.21529175,30
HearthStats_HearthStats.net-Uploader,16,5567,52.02803738,30
hekonsek_fuse-pocs,24,1608,17.10638298,20
heroku_heroku-maven-plugin,17,8753,81.0462963,30
hevs-isi_gdx2d,19,4326,77.25,20
highsource_jaxb2-basics,52,12017,33.66106443,30
highsource_jsonix-schema-compiler,24,6268,48.96875,30
hmsonline_storm-cassandra-cql,6,1162,29.05,30
holgerbrandl_r4intellij,44,23437,46.40990099,20
holgerbrandl_themoviedbapi,9,5008,38.82170543,30
HolmesNL_kafka-spout,3,1220,76.25,50
holodeck-b2b_Holodeck-B2B,68,30644,55.81785064,40
HotswapProjects_HotswapAgent,104,81076,97.56438026,20
HPI-Information-Systems_Metanome,35,24040,61.79948586,40
hypereddie_HippyJava,9,1379,55.16,20
hyperic_hq,373,347505,87.93142713,20
ic3fox_jawr,68,33249,97.50439883,10
ic3fox_jawr-main-repo,104,40723,82.7703252,10
icode_ameba,53,24770,76.6873065,20
igniterealtime_jxmpp,14,6034,73.58536585,20
igniterealtime_Openfire,82,261539,250.276555,10
igniterealtime_Spark,131,95317,114.9782871,20
igniterealtime_tinder,7,8492,114.7567568,30
iipc_webarchive-commons,43,34703,72.44885177,20
IKCAP_wings,69,25601,110.3491379,20
iluwatar_java-design-patterns,206,33955,28.34307179,20
imagej_imagej-ops,202,70101,34.94566301,10
imglib_imglib2,56,51339,67.02219321,20
imixs_imixs-workflow,21,26506,125.0283019,30
immutables_immutables,119,433498,96.20461607,20
indexiatech_antiquity,5,4758,91.5,20
inductiveautomation_opc-ua-stack,24,30147,75.55639098,40
infiniteautomation_modbus4j,48,15149,49.34527687,20
internet-research-network_breeze,4,2122,64.3030303,20
irobertson_pojomatic,10,6614,34.81052632,30
j2ro_mod-http-event-bus-bridge,8,2146,74,20
jabrena_livingrobots,31,32679,104.4057508,30
jai-imageio_jai-imageio-jpeg2000,27,39711,202.6071429,40
jaibeermalik_elasticsearch-tutorial,16,2149,76.75,10
jamesagnew_hapi-fhir,228,459054,101.8309672,20
jansorg_BashSupport,82,28769,40.51971831,30
JasonRuckman_sidney,100,52241,54.75995807,20
jbachorik_btrace,34,40105,76.24524715,30
jbake-org_jbake,12,7779,60.30232558,20
jbox2d_jbox2d,19,55117,259.9858491,30
jcabi_jcabi-http,5,6119,68.75280899,30
jcabi_jcabi-immutable,1,1355,90.33333333,60
JCTools_JCTools,34,74489,86.81701632,40
JDatePicker_JDatePicker,5,3563,75.80851064,30
jelkosz_Kanbanik,41,30322,47.08385093,10
jimmoores_quandl4j,11,4581,64.52112676,30
Jimmy-Shi_bean-query,4,1473,37.76923077,40
jindrapetrik_jpexs-decompiler,163,212994,101.3292103,20
jitsi_jicofo,29,23384,103.4690265,20
jitsi_jigasi,13,12520,105.210084,20
jivesoftware_jive-selenium-pages-framework,9,4000,97.56097561,30
jlinn_quartz-redis-jobstore,6,5431,142.9210526,30
jlpoolen_libreveris,52,110932,89.75080906,20
jmeter-maven-plugin_jmeter-maven-plugin,5,3475,112.0967742,30
jmrozanec_cron-utils,22,10567,62.52662722,30
JodaOrg_joda-collect,1,3341,98.26470588,60
jodastephen_property-alliance,3,1898,73,50
joel-costigliola_assertj-swing,46,75311,33.20590829,20
jooby-project_jooby,54,41470,71.74740484,20
jordw_heftydb,17,5215,50.63106796,40
jphp-compiler_jphp,162,90072,73.22926829,20
jqm4gwt_jqm4gwt,35,100956,102.8065173,20
jtrfp_terminal-recall,30,75434,72.53269231,20
jubeio_jube,69,23590,84.85611511,20
junkdog_entity-system-benchmarks,19,20625,38.98865784,40
jurmous_etcd4j,12,4221,57.82191781,10
jvirtanen_nassau,11,3037,39.96052632,40
jvirtanen_parity,17,9446,64.2585034,40
jwtk_jjwt,14,10092,46.08219178,40
kaazing_gateway,269,277520,86.07940447,30
kairosdb_kairosdb,36,37704,60.91114701,20
kairosdb_kairosdb-client,9,4618,43.56603774,30
kantega_pdf-converter,13,9014,36.34677419,40
kennycason_kumo,19,3535,37.60638298,20
kite-sdk_kite,63,92763,89.62608696,30
KittehOrg_KittehIRCClientLib,35,21496,45.35021097,10
Kixeye_chassis,33,9608,58.23030303,20
Kixeye_kixmpp,34,8294,63.3129771,20
KleeGroup_vertigo,350,89390,53.27175209,30
knightliao_disconf,163,17302,50.29651163,10
knightliao_hermes-jsonrpc,25,2376,44.83018868,20
kontalk_tigase-server,73,90109,117.1768531,10
KronicDeth_intellij-elixir,155,55593,47.11271186,10
kuali_kc,839,402505,71.20201663,10
kuenishi_presto-riak,3,2272,56.8,50
Kurento_kurento-java,31,19691,62.31329114,20
kuujo_copycat,135,108087,64.60669456,30
kzwang_elasticsearch-image,4,1384,62.90909091,20
la-team_light-admin,71,9800,27.22222222,30
larsga_Duke,12,16021,60.91634981,30
lejon_T-SNE-Java,5,6759,114.559322,30
lesaint_damapping,21,8761,39.64253394,20
lessthanoptimal_ejml,63,78817,113.0803443,10
levigo_jbig2-imageio,11,9061,74.88429752,30
libgdx_ashley,11,5154,34.82432432,20
libgdx_box2dlights,2,1962,130.8,40
libgdx_gdx-ai,22,12814,62.2038835,50
liftsecurity_burpbuddy,1,1764,47.67567568,60
lightblue-platform_lightblue-core,31,46361,62.48113208,40
lightcouch_LightCouch,1,3595,102.7142857,60
linkedin_Cubert,21,41431,89.87201735,20
linkedin_gobblin,357,203716,55.99670148,10
liveoak-io_liveoak,170,49339,52.65635005,40
locationtech_udig-platform,426,341869,100.6385046,20
loldevs_riotapi,57,12849,33.37402597,20
looly_hutool,149,111612,117.2394958,20
lucaspouzac_contiperf,10,4676,34.38235294,30
LucidWorks_spark-solr,14,4322,78.58181818,30
lumifyio_lumify,164,61345,63.96767466,20
lumifyio_securegraph,37,15591,54.32404181,20
lyogavin_Pistachio,10,20537,138.7635135,20
mahmoudparsian_data-algorithms-book,93,14740,46.64556962,20
MALfunction84_psi-probe,53,28427,65.34942529,30
manuzhang_storm-benchmark,13,3305,30.60185185,30
marcosvidolin_doco,3,1107,44.28,20
marcusklang_wikiforia,9,35286,106.6042296,30
marschall_threeten-jpa,18,5268,46.21052632,40
martinpaljak_apdu4j,5,4243,96.43181818,30
martinpaljak_GlobalPlatform,1,5344,111.3333333,60
martinpaljak_GlobalPlatformPro,1,5344,111.3333333,60
matiwinnetou_spring-soy-view,23,3829,38.67676768,20
mayconbordin_streaminer,33,30142,88.13450292,30
mcupak_beacon-of-beacons,31,4905,27.25,30
mdeverdelhan_ta4j,21,11243,35.46687697,30
mesos_storm,5,3608,83.90697674,30
MesquiteProject_MesquiteCore,912,396028,140.6849023,10
metricminer-msr_metricminer2,13,4398,46.78723404,20
meyerjp3_psychometrics,25,48624,146.4578313,30
michaelklishin_hop,2,4843,91.37735849,40
michaelwittig_java-q,19,6773,46.71034483,40
micromata_javaapiforkml,9,62926,303.9903382,30
Microsoft_AppInsights-Java,80,39405,57.60964912,20
MightyPirates_OpenComputers,43,15746,33.01048218,30
migzai_irc-api,16,7274,38.28421053,30
mikvor_money-conversion,2,1626,108.4,30
mimno_Mallet,41,71048,96.79564033,20
MinecraftForge_FernFlower,33,50044,121.1719128,20
mklemm_jaxb2-rich-contract-plugin,7,6548,54.56666667,30
mohitsoni_marathon-client,3,1270,36.28571429,20
mongobee_mongobee,6,1385,60.2173913,30
mono_sharpen,7,9654,59.96273292,40
mooso_azure-tables-hadoop,5,1521,42.25,30
mpetazzoni_ttorrent,18,13421,61.84792627,40
mrniko_redisson,58,132559,91.29407713,20
mscharhag_oleaster,7,2875,51.33928571,40
mstahv_maddon,32,20754,51.49875931,20
mucommander_mucommander,145,112707,68.01870851,20
mulesoft-labs_rhinodo,14,2423,34.12676056,20
mulesoft_jaxrs-to-raml,74,15136,28.72106262,30
mulesoft_raml-for-jax-rs,74,15669,29.56415094,30
mulesoft_raml-jaxrs-codegen,5,1538,90.47058824,20
my2iu_Jinq,15,16364,62.93846154,40
nathantippy_jFASTStages,63,97298,129.2138114,20
nativelibs4java_BridJ,18,40484,92.21867882,10
naver_ngrinder,89,25974,59.03181818,20
naver_volley-extensions,24,8655,46.53225806,20
needle4j_needle4j,22,5482,29.79347826,20
neo4j-contrib_cypher-dsl,8,4835,38.07086614,40
neo4j-contrib_graph-collections,16,12470,61.12745098,30
neo4j_neo4j-ogm,198,49767,45.20163488,10
NetApp_NetApp-Hadoop-NFS-Connector,10,4285,80.8490566,20
netceteragroup_valdr-bean-validation,16,1612,36.63636364,10
Netflix_spectator,29,35476,72.25254582,10
Netflix_Surus,2,1072,97.45454545,30
netplex_json-smart-v2,11,7801,68.42982456,30
NFSdb_nfsdb,53,130103,83.02680281,20
nguyenq_tess4j,3,7817,159.5306122,40
nhl_link-rest,71,24892,34.42876902,20
nhnopensource_volley-extensions,24,8655,46.53225806,20
niclashoyer_neo4j-sparql-extension,8,3424,72.85106383,30
nirmal070125_KubernetesAPIJavaClient,7,1672,52.25,30
NirmataOSS_workflow,10,3858,60.28125,30
NLPchina_ansj_seg,34,12817,68.17553191,10
NLPchina_elasticsearch-sql,15,18306,140.8153846,10
NLPchina_nlp-lang,24,9840,82.68907563,30
Nodeclipse_EditBox,4,3824,83.13043478,40
nosceon_titanite,13,6569,32.845,30
novoda_sqlite-analyzer,8,15784,139.6814159,10
numenta_htm.java,14,44247,155.7992958,20
nurkiewicz_java8-workshop,12,2424,26.63736264,30
nutzam_nutzwx,12,5563,58.55789474,20
nutzam_ssdb4j,5,1657,78.9047619,30
oasp_oasp4j,89,16442,38.06018519,30
OAuth-Apis_apis,23,6142,53.40869565,20
ObeoNetwork_UML-Designer,74,34918,128.8487085,20
OfficeDev_ews-java-api,45,67385,117.600349,10
OHDSI_WebAPI,122,40588,45.75873732,10
open-eid_digidoc4j,35,42463,108.0483461,20
OpenClinica_OpenClinica,136,191202,114.1504478,30
openhab_jmdns,9,13075,139.0957447,30
openhab_openhab2,1087,399254,69.52011144,20
OpenHFT_Chronicle-Bytes,8,15779,77.34803922,20
OpenHFT_Chronicle-Core,21,6647,33.91326531,30
OpenHFT_Chronicle-Map,45,46945,80.66151203,20
OpenHFT_Chronicle-Queue,29,24922,68.46703297,10
OpenHFT_Chronicle-Wire,15,32899,68.25518672,20
OPENNETWORKINGLAB_OpenVirteX,28,17620,75.2991453,20
OpenNMS_newts,15,10571,50.82211538,40
openpreserve_pagelyzer,28,10634,94.10619469,30
openscore_score-actions,164,53748,53.37437934,20
OpenSOC_opensoc-streaming,47,15312,76.56,20
OpenTOSCA_container,270,225049,128.672956,10
opentripplanner_OpenTripPlanner,117,120388,95.62192216,20
operasoftware_operaprestodriver,28,317947,361.7144482,20
optimaize_language-detector,9,3782,54.8115942,40
orangesignal_orangesignal-csv,11,43481,126.7667638,30
OrbitzWorldwide_consul-client,22,42860,116.4673913,30
orientechnologies_orientdb-etl,7,3372,51.09090909,30
orientechnologies_orientdb-lucene,12,2743,70.33333333,20
OryxProject_oryx,56,16401,41.20854271,40
oswetto_Loboevolution,120,230129,108.7052433,30
otros-systems_otroslogviewer,110,42416,51.91676867,10
otto-de_edison-microservice,58,12521,37.94242424,20
outbrain_Aletheia,29,8297,47.68390805,20
oxo42_stateless4j,7,2749,57.27083333,30
pac4j_pac4j,170,38966,50.73697917,40
pac4j_play-pac4j,5,1178,45.30769231,30
pac4j_vertx-pac4j,12,1860,37.95918367,20
PasaLab_Tachyon-Perf,10,2556,59.44186047,20
pastekit_twist,11,5386,61.20454545,30
paukiatwee_budgetapp,21,2979,38.68831169,20
pavel4n_wowdoge.org,31,104773,217.8232848,30
payara_Payara,1100,926609,94.72592517,30
PayPal_SeLion,59,35766,61.34819897,20
pcingola_SnpEff,52,54863,121.6474501,20
peholmst_vaadin4spring,5,1546,36.80952381,20
PhantomYdn_wicket-orientdb,18,8495,53.76582278,20
phasenraum2010_javaee7-petclinic,6,2417,44.75925926,50
phax_ph-css,20,40306,159.9444444,20
PhonyTive_astivetoolkit,23,11391,75.43708609,30
pietermartin_sqlg,19,43943,179.3591837,20
pilehvar_ADW,6,2462,87.92857143,30
Plaid_plaid-java,8,6449,29.85648148,40
plantuml_plantuml,178,225846,78.14740484,20
pmd_pmd-eclipse-plugin,49,35987,100.5223464,10
poetix_octarine,22,4889,31.54193548,30
poetix_protonpack,7,3068,47.9375,30
policeman-tools_forbidden-apis,6,3351,81.73170732,30
polyglot-compiler_polyglot,79,166910,117.9575972,20
Pragmatists_junitparams,14,3351,27.02419355,30
primecloud-controller-org_primecloud-controller,131,184275,107.2613504,20
project-ncl_pnc,171,51199,41.76101142,30
prometheus_jmx_exporter,1,1505,43,60
protostuff_protostuff,18,93313,94.25555556,20
pschirmacher_webster,10,1611,26.40983607,30
psidnell_ofexport2,9,5374,75.69014085,20
ptgoetz_storm-hdfs,10,1718,38.17777778,30
pulsarIO_realtime-analytics,37,11175,82.77777778,10
pumadong_cl-privilege,9,3175,66.14583333,30
pusher_pusher-http-java,4,1206,67,40
pusher_pusher-websocket-java,8,3466,64.18518519,30
querydsl_codegen,4,3990,57,40
querydsl_querydsl,109,115624,33.92723005,20
rabbitmq_hop,2,4843,91.37735849,40
radcortez_wow-auctions,15,1726,35.2244898,30
radkovo_jStyleParser,6,32493,88.77868852,50
rancherio_cattle,456,128391,72.7015855,40
raphaeljolivet_java2typescript,16,2479,23.60952381,30
raydac_java-binary-block-parser,18,31103,86.87988827,30
Rayman2200_PDFA3,4,9171,65.50714286,40
reactive-streams_reactive-streams-jvm,5,11125,91.94214876,50
ReactiveX_RxJava,38,296717,108.6079795,20
readydev_retrogram,3,1073,16.25757576,50
real-logic_Aeron,27,132196,170.1364221,30
real-logic_Agrona,14,27362,92.43918919,20
real-logic_simple-binary-encoding,21,55045,223.7601626,10
recruit-tech_redpen,19,23905,88.866171,30
red5_red5-websocket,6,3643,110.3939394,10
redraiment_jactiverecord,6,2910,97,10
redwarp_9-Patch-Resizer,6,1769,61,30
reinert_requestor,23,19161,40.59533898,30
reines_dropwizard-debpkg-maven-plugin,20,4795,51.55913978,20
release-engineering_pom-manipulation-ext,23,13374,75.13483146,20
remibantos_jeeshop,17,5690,56.9,30
renekrie_querqy,20,18820,59.74603175,30
RentTheRunway2_alchemy,36,7827,42.7704918,20
RestExpress_RestExpress-Examples,13,1038,19.58490566,20
resty-gwt_resty-gwt,24,17101,34.202,30
revapi_revapi,38,24074,33.02331962,20
reveal-technologies_sitewhere,348,87354,71.42600164,20
rhlabs_louie,39,17951,67.99621212,10
RichardWarburton_java-8-lambdas-exercises,33,3505,15.57777778,40
rjenkins_ursus,15,2915,49.40677966,20
RNCryptor_JNCryptor,1,2714,82.24242424,60
robert-bor_aho-corasick,4,2256,50.13333333,40
roboconf_roboconf-platform,143,74742,87.93176471,20
RobotiumTech_robotium,1,8786,172.2745098,60
rocketscience-projects_javaslang,7,83098,164.550495,30
roikku_swift-explorer,27,9993,81.24390244,20
rpau_walkmod-core,22,15578,73.82938389,30
RuedigerMoeller_kontraktor,86,35126,68.20582524,30
ruediste1_btrbck,4,2962,52.89285714,40
ruediste_btrbck,4,2962,52.89285714,40
sailorgeoffrey_ddp-client-java,6,1746,29.1,50
salyh_elasticsearch-river-imap,9,3331,111.0333333,10
salyh_javamail-mock2,2,1546,103.0666667,30
SanderGielisse_Enderstone,29,16269,59.37591241,20
sanity_quickml,88,16979,40.33016627,20
sanjivsingh_stackoverflow-java-sdk,12,13934,129.0185185,30
schema-repo_schema-repo,8,5130,55.16129032,40
scoverage_scoverage-maven-plugin,1,1245,95.76923077,60
scratches_spring-boot-legacy,5,1043,38.62962963,30
scriptella_scriptella-etl,44,23307,64.20661157,30
sd4324530_fastweixin,23,10768,46.21459227,30
sdbg_sdbg,44,27566,68.74314214,20
sdstoehr_har-reader,3,1926,45.85714286,20
seagate_kinetic-java,86,245310,301.3636364,30
searchisko_elasticsearch-river-jira,7,10424,93.07142857,40
searchisko_elasticsearch-river-remote,10,14295,100.6690141,30
searchisko_elasticsearch-river-sysinfo,6,4449,58.53947368,30
sebastiangraf_perfidix,13,6668,67.35353535,30
seleniumQuery_seleniumQuery,120,17700,26.4573991,30
semanticvectors_semanticvectors,13,18558,113.1585366,20
senbox-org_s1tbx,156,134920,122.9899727,30
serenity-bdd_serenity-cucumber,14,3090,20.87837838,20
SharedKnowledge_SharkFW,26,25997,93.51438849,20
sharneng_gm4java,3,2541,74.73529412,20
shazam_fork,40,8062,28.48763251,10
ShifuML_guagua,23,20329,89.95132743,20
shilad_wikibrain,74,58519,76.79658793,30
siacs_Conversations,34,55633,111.266,20
simpligility_android-maven-plugin,43,57555,70.70638821,30
simpligility_android-ndk-maven-plugin,8,3510,83.57142857,20
sindicetech_siren,48,63697,82.29586563,20
sitewhere_sitewhere,348,87354,71.42600164,20
sjamesr_jfreesane,1,2842,86.12121212,60
smola_galimatias,4,4716,90.69230769,20
snazy_ohc,9,16152,91.77272727,30
sockeqwe_fragmentargs,4,2076,122.1176471,20
socketIo4Netty_socketIo4j,5,2861,52.98148148,50
softlayer_softlayer-java,679,307228,95.17596035,10
SomMeri_matasano-cryptopals-solutions,22,7455,49.04605263,30
SonarSource_sonarqube,37,15411,39.82170543,20
sonyxperiadev_gerrit-events,13,11128,85.6,40
SpongePowered_Artemis,4,2106,67.93548387,20
SpongePowered_Mixin,58,39380,95.35108959,20
spotify_crtauth-java,6,2202,52.42857143,50
spotify_docker-client,11,34062,59.65323993,20
spotify_docker-maven-plugin,3,2373,62.44736842,50
spotify_helios,19,33651,61.07259528,30
spotify_trickle,2,2450,38.28125,30
spring-cloud_spring-cloud-cli,14,2432,35.76470588,30
spring-cloud_spring-cloud-config,17,17477,43.36724566,40
spring-cloud_spring-cloud-consul,11,5347,28.9027027,40
spring-projects_spring-data-examples,92,52866,8.143253235,40
spring-projects_spring-data-keyvalue,12,4767,36.66923077,40
spring-projects_spring-integration-java-dsl,19,14639,86.62130178,20
spring-projects_spring-integration-kafka,5,6003,120.06,20
spring-projects_spring-restdocs,24,16619,43.5052356,30
spring-projects_spring-session,31,16777,53.26031746,30
SpringData_spring-data-cassandra,22,9134,43.4952381,30
springdox_springdox,64,22303,31.28050491,20
springer-opensource_omelet,12,4046,67.43333333,20
springfox_springfox,64,22336,31.32678822,20
square_burst,1,1105,19.73214286,60
square_javapoet,2,7018,103.2058824,30
square_moshi,12,26094,62.57553957,40
square_okio,2,5968,129.7391304,40
srikalyc_Sql4D,26,15026,166.9555556,10
stagemonitor_stagemonitor,73,29381,46.56259905,20
statefulj_statefulj,31,5843,48.69166667,20
Steveice10_MCProtocolLib,42,8362,30.29710145,30
stickfigure_objectify-insight,4,1415,34.51219512,40
Stratehm_stratum-proxy,23,10516,92.24561404,20
Stratio_crossdata,2,1774,147.8333333,30
Stratio_flume-ingestion,22,9105,71.69291339,20
Stratio_stratio-ingestion,22,9105,71.69291339,20
Stratio_stratio-meta,2,1774,147.8333333,30
Stratio_stratio-streaming,56,10913,48.93721973,10
Stratio_streaming-cep-engine,56,10913,48.93721973,10
sttc_stateful,5,1327,37.91428571,40
stuartgunter_dropwizard-cassandra,11,1653,22.64383562,30
subchen_jetbrick-template-1x,19,15680,75.74879227,20
subchen_jetbrick-template-2x,38,13736,53.44747082,20
subchen_jetbrick-webmvc,11,3767,28.32330827,20
super-csv_super-csv,27,21392,75.85815603,30
SurveyMan_SurveyMan,18,8744,67.78294574,20
swagger-api_swagger-parser,7,10901,213.745098,30
swookiee_com.swookiee.runtime,17,1881,34.83333333,20
tabulapdf_tabula-java,6,5669,89.98412698,30
takahi-i_likelike,8,2728,59.30434783,20
takari_takari-lifecycle,65,13150,39.96960486,20
takari_takari-local-repository,6,3900,114.7058824,30
takezoe_xlsbeans,10,4118,48.44705882,30
tarql_tarql,2,2591,76.20588235,30
TDesjardins_GWT-OL3-Playground,31,12472,31.49494949,20
tdunning_t-digest,5,9734,81.79831933,50
teamed_qulice,18,12577,28.39051919,40
teamed_requs,9,5666,56.0990099,40
TEAMMATES_repo,28,45302,84.51865672,20
tech-advantage_sonar-gerrit-plugin,9,2340,61.57894737,20
techdev-solutions_trackr-backend,31,4711,26.31843575,30
TechzoneMC_NPCLib,30,4650,45.14563107,20
tectonicus_tectonicus,17,21757,70.18387097,20
tesis-dynaware_graph-editor,25,15728,117.3731343,30
tesseradata_RHIPE,3,13247,203.8,30
thatJavaNerd_JRAW,6,1861,29.078125,20
thechunknetwork_RedisBungee,4,2171,57.13157895,40
TheHolyWaffle_League-of-Legends-XMPP-Chat-Library,5,1858,71.46153846,30
TheHolyWaffle_TeamSpeak-3-Java-API,10,12035,97.05645161,40
thelinmichael_spotify-web-api-java,47,27097,56.68828452,10
TheLQ_PircBotX,12,12536,64.28717949,30
theupswell_appengine-counter,6,4131,89.80434783,30
thm-projects_arsnova-backend,27,18877,52.43611111,30
tiagobento_watertemplate-engine,16,2269,22.02912621,10
timolson_cointrader,11,27628,90.88157895,30
timtiemens_secretshare,11,9794,113.8837209,30
tlaukkan_zigbee4java,94,52007,52.90640895,30
tltv_gantt,16,22280,145.620915,20
TomasMikula_EasyBind,3,1319,30.6744186,40
TomasMikula_ReactFX,11,14684,41.01675978,20
TomasMikula_RichTextFX,15,15850,77.69607843,40
tomaswolf_gerrit-gitblit-plugin,13,14466,162.5393258,20
tomitribe_crest,27,9667,42.77433628,30
tomsteele_burpbuddy,1,1764,47.67567568,60
tracee_tracee,27,6535,32.03431373,30
TrsstProject_trsst,4,6497,259.88,20
trulia_trulia-java-rets-client,6,13402,60.36936937,50
twitter_cloudhopper-commons,32,28925,66.95601852,30
twitter_hpack,4,2976,76.30769231,20
twitter_netty-http2,1,5711,92.11290323,60
tynamo_tapestry-security,15,3230,46.8115942,30
ui4j_ui4j,11,3414,37.51648352,30
unitsofmeasurement_unit-ri,9,11696,90.66666667,20
usc-isi-i2_Web-Karma,77,71344,81.536,20
uwolfer_gerrit-rest-java-client,25,12871,36.56534091,40
valchkou_cassandra-driver-mapping,6,5569,111.38,30
vbauer_avconv4java,6,1574,47.6969697,40
vbauer_caesar,11,1187,26.37777778,30
vbence_stream-m,11,6658,41.6125,20
vert-x3_codegen,14,7462,79.38297872,20
vert-x3_service-proxy,6,2295,76.5,30
vert-x3_vertx-codegen,14,7462,79.38297872,20
vert-x3_vertx-groovy,134,89890,92.38437821,30
vert-x3_vertx-metrics,5,4960,72.94117647,30
vert-x3_vertx-rx,257,178854,112.6284635,40
vibe-project_vibe-java-server,4,1727,71.95833333,20
Vincentyification_JavaBot,12,3950,64.75409836,30
virgo47_javasimon,37,26738,65.21463415,20
viritin_viritin,32,20754,51.49875931,20
vladimirvivien_clamshell-cli,5,1990,56.85714286,50
vmware_upgrade-framework,18,6493,53.66115702,30
vt-middleware_passay,6,8965,68.96153846,30
w3blogfr_zebra-zpl,4,1165,52.95454545,40
wangzw_CppStyle,2,3844,153.76,30
WASdev_standards.jsr352.jbatch,34,15845,56.18794326,30
webdriverextensions_webdriverextensions,13,6184,61.84,20
welovecoding_editorconfig-netbeans,18,5137,60.43529412,40
wendykierp_JTransforms,5,82184,1325.548387,40
WhisperSystems_libaxolotl-android,15,32654,174.6203209,30
WhisperSystems_PushServer,9,1268,36.22857143,30
WhisperSystems_WebSocket-Resources,11,10206,159.46875,30
whois-server-list_public-suffix-list,8,1528,42.44444444,10
wikimedia_search-highlighter,15,18785,53.51851852,40
wildfly-extras_wildfly-camel,19,6847,44.17419355,20
wildfly_wildfly-core,232,436248,87.6880402,20
wix_petri,30,10830,38.54092527,20
wiztools_rest-client,26,12529,54.71179039,30
Wolfgang-Schuetzelhofer_jcypher,58,37748,78.15320911,30
wso2_balana,27,27822,92.12582781,20
wso2_product-esb,68,15305,78.08673469,20
wso2_siddhi,147,134494,106.235387,20
xerial_sqlite-jdbc,8,17451,150.4396552,40
xhanin_jarup,2,1092,54.6,30
XiaoMi_chronos,6,4768,89.96226415,40
XiaoMi_themis,14,10549,64.32317073,30
xmlunit_xmlunit,19,28997,78.37027027,30
xored_yang-ide,48,43455,87.96558704,20
xpqiu_fnlp,75,34280,83.6097561,40
xvik_dropwizard-guicey,72,12873,45.975,10
xvik_guice-validator,17,1385,23.08333333,20
yahoo_artifactory_ssh_proxy,21,8659,53.45061728,30
yahoo_xpath_proto_builder,4,16498,499.9393939,20
yammer_breakerbox,25,2724,32.42857143,20
yammer_tenacity,15,1820,36.4,20
yegor256_netbout,14,11326,48.4017094,40
yfpeng_pengyifan-commons,11,6256,80.20512821,40
Yubico_java-u2flib-server,14,2234,31.91428571,20
zafarkhaja_jsemver,3,4818,70.85294118,30
zillabyte_motherbrain,44,19397,62.77346278,10
zsoltherpai_fluent-jdbc,15,2581,32.2625,10
zutherb_AppStash,66,5328,31.90419162,20
