Project_Name,Count_packages,Sum_LOC,Average_LOC,Pareto_category,Language
4pr0n_ripme,9,12103,94.5546875,30,Java
abel533_ECharts,14,18196,127.2447552,20,Java
abel533_Mapper,61,23498,42.646098,30,Java
abrensch_brouter,11,19460,104.6236559,40,Java
acciente_oacc-core,13,46785,182.0428016,20,Java
Accla_d4m_api_java,18,24183,101.6092437,20,Java
aceleradora6-tw_RegistroLivre,8,1531,41.37837838,40,Java
addthis_hydra,75,89103,74.43859649,20,Java
addthis_meshy,6,5747,68.41666667,30,Java
AdoptOpenJDK_mjprof,19,3057,33.59340659,30,Java
akquinet_vaadinator,36,9481,56.77245509,30,Java
Alexey1Gavrilov_expectit,9,4796,51.56989247,30,Java
allanbank_mongodb-async-driver,36,121177,193.5734824,20,Java
altamiracorp_honeycomb,15,8461,69.92561983,30,Java
andrewgaul_modernizer-maven-plugin,2,1708,47.44444444,30,Java
andrewgaul_s3proxy,2,6195,119.1346154,30,Java
andytill_erlyberly,6,6386,92.55072464,30,Java
antoniomaria_gazpachoquest,87,19090,33.55008787,30,Java
apache_airavata,198,1475923,177.8863445,30,Java
apache_curator,56,45667,67.2562592,30,Java
apache_drill,323,1285414,78.8936353,20,Java
apache_incubator-samoa,50,34244,77.12612613,30,Java
apache_incubator-tamaya,11,33884,66.1796875,40,Java
apache_incubator-twill,24,24185,55.9837963,40,Java
apache_jackrabbit-filevault,42,58032,91.10204082,20,Java
apache_knox,194,91116,59.78740157,10,Java
apache_metamodel,48,60557,66.69273128,20,Java
apache_olingo-odata2,109,125131,94.01277235,30,Java
apache_olingo-odata4,146,146163,60.29826733,30,Java
apache_servicemix,30,2783,26.25471698,20,Java
apache_storm,333,362225,90.85151743,20,Java
apache_struts,183,185417,69.86322532,20,Java
apache_struts-examples,49,6312,32.53608247,30,Java
apache_tajo,162,876694,245.6413561,10,Java
apache_uima-uimafit,34,22413,53.36428571,10,Java
Appendium_flatpack,28,7138,72.83673469,20,Java
Appendium_objectlabkit,24,16220,55.54794521,20,Java
appium_java-client,40,14253,44.12693498,10,Java
arangodb_arangodb-java-driver,32,31820,90.65527066,20,Java
ArcBees_gwtquery-draggable-plugin,14,10165,66.00649351,30,Java
ArcBees_gwtquery-tooltip-plugin,13,5932,42.07092199,20,Java
Archarithms_bigio,14,8409,60.93478261,30,Java
arnohaase_a-base,13,17828,81.40639269,20,Java
arquillian_arquillian-cube,125,35835,44.1317734,10,Java
ArtificerRepo_artificer,144,81576,63.98117647,30,Java
astefanutti_camel-cdi,13,7494,31.09543568,30,Java
ATLauncher_ATLauncher,43,24826,92.63432836,10,Java
att_XACML,47,88638,132.2955224,30,Java
audit4j_audit4j-core,27,15684,70.64864865,10,Java
augustt198_lumen,30,6267,36.86470588,20,Java
avandeursen_jpacman-framework-v5,5,2301,76.7,30,Java
awslabs_aws-ant-tasks,5,4930,71.44927536,40,Java
awslabs_aws-dynamodb-encryption-java,17,21191,95.45495495,20,Java
awslabs_aws-sdk-java-resources,15,16559,57.69686411,40,Java
AzureAD_azure-activedirectory-library-for-java,2,3811,56.88059701,30,Java
Azure_azure-documentdb-java,3,2976,63.31914894,20,Java
Baqend_Orestes-Bloomfilter,7,4476,99.46666667,40,Java
basis-technology-corp_tcl-regex-java,1,6020,128.0851064,60,Java
bedrin_jdbc-sniffer,10,12448,77.31677019,20,Java
bedrin_jsonde,53,9468,46.87128713,20,Java
benas_easy-batch,56,14774,33.05145414,30,Java
benjiman_expressions,9,4386,20.88571429,40,Java
biboudis_streamalg,13,10492,88.91525424,30,Java
bitcoin-solutions_multibit-website,14,1956,44.45454545,20,Java
bitcoinj_bitcoinj,25,112880,196.6550523,20,Java
BjoernKW_ZenQuery,8,1091,37.62068966,20,Java
blockchain_api-v1-client-java,10,2762,76.72222222,20,Java
bonigarcia_dualsub,4,3729,76.10204082,40,Java
brettwooldridge_HikariJSON,3,1031,44.82608696,50,Java
bruno-medeiros_DDT,166,84648,47.63534046,20,Java
buschmais_extended-objects,87,10698,31.46470588,20,Java
bytedeco_javacpp,3,24990,213.5897436,50,Java
bywan_trello-java-wrapper,9,4550,71.09375,20,Java
c4fcm_CLIFF,15,4132,76.51851852,20,Java
caelum_mamute,63,15174,34.02242152,10,Java
caelum_vraptor-panettone,7,2352,34.58823529,30,Java
CalebFenton_simplify,14,21259,71.57912458,20,Java
calrissian_flowmix,19,3877,40.81052632,30,Java
camelinaction_camelinaction,5,9190,23.74677003,30,Java
caoxinyu_RedisClient,27,11562,64.59217877,10,Java
CaptainBern_Reflection,39,11023,48.99111111,10,Java
caskdata_cdap,535,365826,64.1574886,20,Java
caskdata_coopr,63,43119,68.88019169,30,Java
caskdata_tephra,26,52361,106.2089249,30,Java
castlabs_dashencrypt,9,5633,92.3442623,30,Java
cecom_pomutils,5,1351,46.5862069,30,Java
ceph_cephfs-hadoop,2,1047,58.16666667,30,Java
ceskaexpedice_kramerius,284,84084,63.79666161,20,Java
cglib_cglib,12,17839,51.26149425,40,Java
chanedi_QuickProject,27,6655,65.24509804,20,Java
chanjarster_tomcat-mongo-access-log,3,2598,60.41860465,40,Java
chanjarster_weixin-java-tools,30,14080,51.57509158,30,Java
chaupal_jxse,118,150957,129.3547558,20,Java
chenlb_mmseg4j-core,3,2130,59.16666667,20,Java
cinovo_cloudconductor-server,24,10267,57.67977528,30,Java
citerus_bookstore-cqrs-example,35,1921,17,30,Java
clinejj_foursquare-api-java,6,5408,56.33333333,30,Java
cloudera_cm_ext,29,11800,40.83044983,30,Java
Cloudslab_cloudsim,31,39000,118.5410334,30,Java
CloudSlang_cloud-slang,51,23963,67.6920904,30,Java
Co0sh_BetonQuest,42,38172,80.02515723,20,Java
codecentric_spring-boot-starter-batch-web,21,2789,29.67021277,30,Java
codefollower_Tomcat-Research,170,595860,108.0827136,20,Java
codeine-cd_codeine,53,17107,41.72439024,10,Java
codelibs_elasticsearch-cluster-runner,3,1183,131.4444444,20,Java
codelibs_elasticsearch-taste,19,16368,62.95384615,30,Java
cognitect_transit-java,3,4362,43.62,20,Java
commons-rdf_commons-rdf,2,1646,63.30769231,30,Java
consulo_consulo-dotnet,73,17241,34.62048193,20,Java
contentful_contentful-management.java,6,16433,98.9939759,30,Java
copper-engine_copper-engine,31,23607,60.06870229,30,Java
CorfuDB_CorfuDB,80,62360,88.70554765,10,Java
cternes_openkeepass,14,6245,45.58394161,40,Java
cybergarage_cybergarage-upnp,36,16699,70.75847458,30,Java
DABSquared_gitlab-plugin,31,16180,66.58436214,20,Java
damiencarol_jsr203-hadoop,1,2929,94.48387097,60,Java
dangdangdotcom_config-toolkit,23,2003,32.30645161,20,Java
danielflower_multi-module-maven-release-plugin,3,3887,54.74647887,50,Java
danmbox_briss2,5,3676,83.54545455,50,Java
darcy-framework_darcy-ui,7,6499,27.53813559,30,Java
darcy-framework_darcy-webdriver,5,4281,42.38613861,30,Java
dart-maven-plugin_dart-maven-plugin,2,1424,142.4,30,Java
dashbuilder_dashbuilder,119,46959,45.76900585,30,Java
databricks_learning-spark,3,1878,27.2173913,40,Java
DataDog_jmxfetch,6,5406,100.1111111,30,Java
datanucleus_datanucleus-core,43,139417,140.3997986,20,Java
davidmoten_rtree,12,19826,104.3473684,20,Java
davidmoten_rxjava-extras,10,13133,62.24170616,30,Java
davidmoten_rxjava-jdbc,5,9228,83.89090909,30,Java
dbfit_dbfit,11,10245,32.83653846,20,Java
ddavison_conductor,2,1090,109,30,Java
Devexperts_aprof,8,7861,73.46728972,30,Java
devnied_EMV-NFC-Paycard-Enrollment,15,5877,79.41891892,30,Java
dgageot_simplelenium,10,2340,36,20,Java
dibbhatt_kafka-spark-consumer,2,1755,53.18181818,30,Java
DICE-UNC_idrop,21,36369,127.6105263,40,Java
DICE-UNC_jargon,52,104072,138.2098274,20,Java
digidotcom_XBeeJavaLibrary,60,67505,161.882494,10,Java
digitalfondue_lavagna,19,18739,56.78484848,30,Java
dobrynya_nomin,10,5032,27.95555556,30,Java
documents4j_documents4j,13,9014,36.34677419,40,Java
dpaukov_combinatoricslib,11,5205,94.63636364,20,Java
drankye_haox,70,32552,52,30,Java
dropwizard_dropwizard-java8,22,2665,22.02479339,20,Java
dropwizard_dropwizard-protobuf,3,4001,200.05,20,Java
dropwizard_metrics,30,22725,60.6,40,Java
druid-io_druid,314,354277,63.46775349,20,Java
dschulten_hydra-java,12,9556,60.48101266,40,Java
dswarm_dswarm,66,25137,74.15044248,40,Java
ebay_oink,9,1603,45.8,40,Java
eclipse-jetty_eclipse-jetty-plugin,26,14338,117.5245902,20,Java
eclipsesource_J2V8,4,20986,189.0630631,40,Java
eclipse_leshan,56,25484,72.39772727,40,Java
edgedalmacio_phisix,8,1231,39.70967742,20,Java
edwardcapriolo_nibiru,26,6650,39.82035928,30,Java
effektif_effektif,44,23331,50.60954447,40,Java
ehcache_ehcache-jcache,2,2316,110.2857143,30,Java
ehcache_sizeof,5,2614,36.81690141,30,Java
Eldelshell_jongo,16,6412,90.30985915,30,Java
ElectronicChartCentre_java-vector-tile,2,15119,559.962963,30,Java
elibom_jogger,14,4999,59.51190476,40,Java
embulk_embulk,23,27138,55.04665314,20,Java
englishtown_vertx-cassandra,21,3647,45.02469136,20,Java
englishtown_vertx-jersey,29,5421,32.85454545,30,Java
englishtown_vertx-when,9,2162,65.51515152,20,Java
enonic_xp,427,184505,38.52683232,20,Java
ESAPI_esapi-java-legacy,26,41618,120.283237,30,Java
eseifert_gral,27,29570,83.29577465,40,Java
eseifert_vectorgraphics2d,9,6956,58.94915254,30,Java
esigate_esigate,33,17547,55.00626959,20,Java
EsmerilProgramming_cloverx,23,4082,32.14173228,20,Java
ethereum_ethereumj,57,70537,82.21095571,10,Java
etsy_statsd-jvm-profiler,7,1942,42.2173913,30,Java
EugeneKay_subsonic,28,43473,82.64828897,20,Java
Evil-Co_NBT-Lib,4,1307,59.40909091,20,Java
evrythng_evrythng-java-sdk,30,15016,50.72972973,30,Java
ExactTarget_fuel-java,2,41507,100.5012107,40,Java
eXparity_hamcrest-date,4,9649,116.253012,40,Java
expercise_expercise,46,4836,25.58730159,20,Java
extjwnl_extjwnl,16,17803,98.35911602,30,Java
exxeleron_qJava,2,6051,99.19672131,50,Java
fabric8io_quickstarts,39,9622,22.80094787,20,Java
FasterXML_jackson-dataformat-cbor,1,5230,174.3333333,60,Java
feroult_yawp,71,19360,47.56756757,10,Java
fesh0r_fernflower,33,50044,121.1719128,20,Java
fhoeben_hsac-fitnesse-fixtures,18,22044,78.44839858,20,Java
fhussonnois_storm-trident-elasticsearch,9,1394,31.68181818,20,Java
fiji_Stitching,8,9822,125.9230769,40,Java
fiji_TrackMate,40,44112,109.1881188,20,Java
fiji_Trainable_Segmentation,7,24702,329.36,40,Java
filoghost_HolographicDisplays,41,13622,63.35813953,10,Java
finn-no_cassandra-hadoop,4,4777,132.6944444,40,Java
Firebase_geofire-java,3,1763,70.52,40,Java
fizzed_java-stork,8,4224,71.59322034,10,Java
fizzed_stork,8,4224,71.59322034,10,Java
flaxsearch_luwak,13,7589,43.11931818,30,Java
FlexTradeUKLtd_jfixture,32,7149,21.59818731,20,Java
flipkart-incubator_foxtrot,66,16223,52.16398714,10,Java
flipkart-incubator_Lois,7,1044,37.28571429,10,Java
Flow_Caustic,11,9716,110.4090909,30,Java
Flow_engine,61,14056,61.64912281,10,Java
Flow_nbt,8,2219,55.475,20,Java
Flow_network,12,1549,43.02777778,20,Java
Flow_React,13,13890,165.3571429,20,Java
fluo-io_fluo,45,30355,68.83219955,30,Java
forge_roaster,9,11627,67.20809249,40,Java
foxinmy_weixin4j,103,55839,85.90615385,20,Java
freemarker_fmpp,9,20023,113.7670455,40,Java
freenet_plugin-Freetalk,10,18804,109.9649123,20,Java
galenframework_galen,51,20647,48.69575472,20,Java
ganshane_shakey,8,16045,86.72972973,40,Java
geckoboard-java-api_highchart-java-api,12,3988,78.19607843,20,Java
geftimov_MapReduce,25,3634,41.77011494,10,Java
getsentry_raven-java,34,14514,63.37991266,20,Java
gid15_jpcsp,93,318380,161.0419828,10,Java
glazedlists_glazedlists,46,103040,87.17428088,20,Java
GlenKPeterson_fp4java7,9,21952,79.53623188,30,Java
glowroot_glowroot,90,672059,160.2811829,30,Java
GlowstoneMC_Glowstone,99,154102,57.67290419,20,Java
GluuFederation_oxAuth,128,93496,122.0574413,10,Java
GluuFederation_oxTrust,106,55596,88.9536,10,Java
gmantele_taplib,44,74798,188.4080605,20,Java
gonmarques_cdi-properties,13,1423,27.36538462,10,Java
GoogleCloudPlatform_bigdata-interop,11,30544,96.96507937,40,Java
GoogleCloudPlatform_gcloud-java,28,17209,60.38245614,30,Java
googlegenomics_dataflow-java,12,8263,44.66486486,50,Java
googlemaps_google-maps-services-java,5,20658,59.02285714,30,Java
google_acai,1,1709,23.73611111,60,Java
google_closure-compiler,37,330449,156.0930562,20,Java
google_closure-stylesheets,5,47590,85.74774775,30,Java
google_closure-templates,69,176579,89.36184211,20,Java
google_error-prone,42,107144,53.01533894,20,Java
google_google-api-java-client,24,23024,119.2953368,30,Java
google_google-auth-library-java,4,9029,88.51960784,40,Java
google_google-http-java-client,25,28051,73.24020888,30,Java
google_google-oauth-java-client,11,7112,68.38461538,30,Java
google_guice,32,111375,41.09778598,30,Java
google_identity-toolkit-java-client,1,1476,77.68421053,60,Java
google_jimfs,1,17757,119.9797297,60,Java
google_truth,6,61005,130.0746269,30,Java
gosu-lang_gosu-lang,177,230324,79.06762788,20,Java
GrammarViz2_grammarviz2_src,12,6506,112.1724138,30,Java
graphaware_neo4j-algorithms,8,2360,38.68852459,40,Java
graphaware_neo4j-noderank,2,1346,49.85185185,50,Java
Graphify_graphify,11,2582,92.21428571,10,Java
Graphity_graphity-client,18,3011,75.275,10,Java
gravel-st_gravel,9,43119,59.72160665,30,Java
gridkit_nanocloud,33,59445,70.34911243,20,Java
groupon_DotCi,32,8935,39.36123348,10,Java
groupon_odo,15,13833,150.3586957,30,Java
grpc_grpc-java,50,128958,78.01451906,20,Java
GumTreeDiff_gumtree,36,64016,142.5746102,10,Java
gwtbootstrap3_gwtbootstrap3,19,28606,42.82335329,40,Java
gwtbootstrap3_gwtbootstrap3-demo,50,158059,70.7515667,30,Java
gwtbootstrap3_gwtbootstrap3-extras,54,29519,34.4044289,40,Java
h2oai_h2o,45,123870,89.56616052,20,Java
h3xstream_http-script-generator,6,3085,38.08641975,30,Java
HadoopGenomics_Hadoop-BAM,4,9671,70.07971014,40,Java
hal_circuit,17,23578,64.59726027,30,Java
hankcs_HanLP,107,57216,87.48623853,20,Java
hansenji_pocketknife,6,3688,51.94366197,30,Java
harishreedharan_usingflumecode,4,5226,106.6530612,40,Java
HdrHistogram_HdrHistogram,3,10448,135.6883117,20,Java
headissue_cache2k,38,36885,74.21529175,30,Java
HearthStats_HearthStats.net-Uploader,16,5567,52.02803738,30,Java
hekonsek_fuse-pocs,24,1608,17.10638298,20,Java
heroku_heroku-maven-plugin,17,8753,81.0462963,30,Java
hevs-isi_gdx2d,19,4326,77.25,20,Java
highsource_jaxb2-basics,52,12017,33.66106443,30,Java
highsource_jsonix-schema-compiler,24,6268,48.96875,30,Java
hmsonline_storm-cassandra-cql,6,1162,29.05,30,Java
holgerbrandl_r4intellij,44,23437,46.40990099,20,Java
holgerbrandl_themoviedbapi,9,5008,38.82170543,30,Java
HolmesNL_kafka-spout,3,1220,76.25,50,Java
holodeck-b2b_Holodeck-B2B,68,30644,55.81785064,40,Java
HotswapProjects_HotswapAgent,104,81076,97.56438026,20,Java
HPI-Information-Systems_Metanome,35,24040,61.79948586,40,Java
hypereddie_HippyJava,9,1379,55.16,20,Java
hyperic_hq,373,347505,87.93142713,20,Java
ic3fox_jawr,68,33249,97.50439883,10,Java
ic3fox_jawr-main-repo,104,40723,82.7703252,10,Java
icode_ameba,53,24770,76.6873065,20,Java
igniterealtime_jxmpp,14,6034,73.58536585,20,Java
igniterealtime_Openfire,82,261539,250.276555,10,Java
igniterealtime_Spark,131,95317,114.9782871,20,Java
igniterealtime_tinder,7,8492,114.7567568,30,Java
iipc_webarchive-commons,43,34703,72.44885177,20,Java
IKCAP_wings,69,25601,110.3491379,20,Java
iluwatar_java-design-patterns,206,33955,28.34307179,20,Java
imagej_imagej-ops,202,70101,34.94566301,10,Java
imglib_imglib2,56,51339,67.02219321,20,Java
imixs_imixs-workflow,21,26506,125.0283019,30,Java
immutables_immutables,119,433498,96.20461607,20,Java
indexiatech_antiquity,5,4758,91.5,20,Java
inductiveautomation_opc-ua-stack,24,30147,75.55639098,40,Java
infiniteautomation_modbus4j,48,15149,49.34527687,20,Java
internet-research-network_breeze,4,2122,64.3030303,20,Java
irobertson_pojomatic,10,6614,34.81052632,30,Java
j2ro_mod-http-event-bus-bridge,8,2146,74,20,Java
jabrena_livingrobots,31,32679,104.4057508,30,Java
jai-imageio_jai-imageio-jpeg2000,27,39711,202.6071429,40,Java
jaibeermalik_elasticsearch-tutorial,16,2149,76.75,10,Java
jamesagnew_hapi-fhir,228,459054,101.8309672,20,Java
jansorg_BashSupport,82,28769,40.51971831,30,Java
JasonRuckman_sidney,100,52241,54.75995807,20,Java
jbachorik_btrace,34,40105,76.24524715,30,Java
jbake-org_jbake,12,7779,60.30232558,20,Java
jbox2d_jbox2d,19,55117,259.9858491,30,Java
jcabi_jcabi-http,5,6119,68.75280899,30,Java
jcabi_jcabi-immutable,1,1355,90.33333333,60,Java
JCTools_JCTools,34,74489,86.81701632,40,Java
JDatePicker_JDatePicker,5,3563,75.80851064,30,Java
jelkosz_Kanbanik,41,30322,47.08385093,10,Java
jimmoores_quandl4j,11,4581,64.52112676,30,Java
Jimmy-Shi_bean-query,4,1473,37.76923077,40,Java
jindrapetrik_jpexs-decompiler,163,212994,101.3292103,20,Java
jitsi_jicofo,29,23384,103.4690265,20,Java
jitsi_jigasi,13,12520,105.210084,20,Java
jivesoftware_jive-selenium-pages-framework,9,4000,97.56097561,30,Java
jlinn_quartz-redis-jobstore,6,5431,142.9210526,30,Java
jlpoolen_libreveris,52,110932,89.75080906,20,Java
jmeter-maven-plugin_jmeter-maven-plugin,5,3475,112.0967742,30,Java
jmrozanec_cron-utils,22,10567,62.52662722,30,Java
JodaOrg_joda-collect,1,3341,98.26470588,60,Java
jodastephen_property-alliance,3,1898,73,50,Java
joel-costigliola_assertj-swing,46,75311,33.20590829,20,Java
jooby-project_jooby,54,41470,71.74740484,20,Java
jordw_heftydb,17,5215,50.63106796,40,Java
jphp-compiler_jphp,162,90072,73.22926829,20,Java
jqm4gwt_jqm4gwt,35,100956,102.8065173,20,Java
jtrfp_terminal-recall,30,75434,72.53269231,20,Java
jubeio_jube,69,23590,84.85611511,20,Java
junkdog_entity-system-benchmarks,19,20625,38.98865784,40,Java
jurmous_etcd4j,12,4221,57.82191781,10,Java
jvirtanen_nassau,11,3037,39.96052632,40,Java
jvirtanen_parity,17,9446,64.2585034,40,Java
jwtk_jjwt,14,10092,46.08219178,40,Java
kaazing_gateway,269,277520,86.07940447,30,Java
kairosdb_kairosdb,36,37704,60.91114701,20,Java
kairosdb_kairosdb-client,9,4618,43.56603774,30,Java
kantega_pdf-converter,13,9014,36.34677419,40,Java
kennycason_kumo,19,3535,37.60638298,20,Java
kite-sdk_kite,63,92763,89.62608696,30,Java
KittehOrg_KittehIRCClientLib,35,21496,45.35021097,10,Java
Kixeye_chassis,33,9608,58.23030303,20,Java
Kixeye_kixmpp,34,8294,63.3129771,20,Java
KleeGroup_vertigo,350,89390,53.27175209,30,Java
knightliao_disconf,163,17302,50.29651163,10,Java
knightliao_hermes-jsonrpc,25,2376,44.83018868,20,Java
kontalk_tigase-server,73,90109,117.1768531,10,Java
KronicDeth_intellij-elixir,155,55593,47.11271186,10,Java
kuali_kc,839,402505,71.20201663,10,Java
kuenishi_presto-riak,3,2272,56.8,50,Java
Kurento_kurento-java,31,19691,62.31329114,20,Java
kuujo_copycat,135,108087,64.60669456,30,Java
kzwang_elasticsearch-image,4,1384,62.90909091,20,Java
la-team_light-admin,71,9800,27.22222222,30,Java
larsga_Duke,12,16021,60.91634981,30,Java
lejon_T-SNE-Java,5,6759,114.559322,30,Java
lesaint_damapping,21,8761,39.64253394,20,Java
lessthanoptimal_ejml,63,78817,113.0803443,10,Java
levigo_jbig2-imageio,11,9061,74.88429752,30,Java
libgdx_ashley,11,5154,34.82432432,20,Java
libgdx_box2dlights,2,1962,130.8,40,Java
libgdx_gdx-ai,22,12814,62.2038835,50,Java
liftsecurity_burpbuddy,1,1764,47.67567568,60,Java
lightblue-platform_lightblue-core,31,46361,62.48113208,40,Java
lightcouch_LightCouch,1,3595,102.7142857,60,Java
linkedin_Cubert,21,41431,89.87201735,20,Java
linkedin_gobblin,357,203716,55.99670148,10,Java
liveoak-io_liveoak,170,49339,52.65635005,40,Java
locationtech_udig-platform,426,341869,100.6385046,20,Java
loldevs_riotapi,57,12849,33.37402597,20,Java
looly_hutool,149,111612,117.2394958,20,Java
lucaspouzac_contiperf,10,4676,34.38235294,30,Java
LucidWorks_spark-solr,14,4322,78.58181818,30,Java
lumifyio_lumify,164,61345,63.96767466,20,Java
lumifyio_securegraph,37,15591,54.32404181,20,Java
lyogavin_Pistachio,10,20537,138.7635135,20,Java
mahmoudparsian_data-algorithms-book,93,14740,46.64556962,20,Java
MALfunction84_psi-probe,53,28427,65.34942529,30,Java
manuzhang_storm-benchmark,13,3305,30.60185185,30,Java
marcosvidolin_doco,3,1107,44.28,20,Java
marcusklang_wikiforia,9,35286,106.6042296,30,Java
marschall_threeten-jpa,18,5268,46.21052632,40,Java
martinpaljak_apdu4j,5,4243,96.43181818,30,Java
martinpaljak_GlobalPlatform,1,5344,111.3333333,60,Java
martinpaljak_GlobalPlatformPro,1,5344,111.3333333,60,Java
matiwinnetou_spring-soy-view,23,3829,38.67676768,20,Java
mayconbordin_streaminer,33,30142,88.13450292,30,Java
mcupak_beacon-of-beacons,31,4905,27.25,30,Java
mdeverdelhan_ta4j,21,11243,35.46687697,30,Java
mesos_storm,5,3608,83.90697674,30,Java
MesquiteProject_MesquiteCore,912,396028,140.6849023,10,Java
metricminer-msr_metricminer2,13,4398,46.78723404,20,Java
meyerjp3_psychometrics,25,48624,146.4578313,30,Java
michaelklishin_hop,2,4843,91.37735849,40,Java
michaelwittig_java-q,19,6773,46.71034483,40,Java
micromata_javaapiforkml,9,62926,303.9903382,30,Java
Microsoft_AppInsights-Java,80,39405,57.60964912,20,Java
MightyPirates_OpenComputers,43,15746,33.01048218,30,Java
migzai_irc-api,16,7274,38.28421053,30,Java
mikvor_money-conversion,2,1626,108.4,30,Java
mimno_Mallet,41,71048,96.79564033,20,Java
MinecraftForge_FernFlower,33,50044,121.1719128,20,Java
mklemm_jaxb2-rich-contract-plugin,7,6548,54.56666667,30,Java
mohitsoni_marathon-client,3,1270,36.28571429,20,Java
mongobee_mongobee,6,1385,60.2173913,30,Java
mono_sharpen,7,9654,59.96273292,40,Java
mooso_azure-tables-hadoop,5,1521,42.25,30,Java
mpetazzoni_ttorrent,18,13421,61.84792627,40,Java
mrniko_redisson,58,132559,91.29407713,20,Java
mscharhag_oleaster,7,2875,51.33928571,40,Java
mstahv_maddon,32,20754,51.49875931,20,Java
mucommander_mucommander,145,112707,68.01870851,20,Java
mulesoft-labs_rhinodo,14,2423,34.12676056,20,Java
mulesoft_jaxrs-to-raml,74,15136,28.72106262,30,Java
mulesoft_raml-for-jax-rs,74,15669,29.56415094,30,Java
mulesoft_raml-jaxrs-codegen,5,1538,90.47058824,20,Java
my2iu_Jinq,15,16364,62.93846154,40,Java
nathantippy_jFASTStages,63,97298,129.2138114,20,Java
nativelibs4java_BridJ,18,40484,92.21867882,10,Java
naver_ngrinder,89,25974,59.03181818,20,Java
naver_volley-extensions,24,8655,46.53225806,20,Java
needle4j_needle4j,22,5482,29.79347826,20,Java
neo4j-contrib_cypher-dsl,8,4835,38.07086614,40,Java
neo4j-contrib_graph-collections,16,12470,61.12745098,30,Java
neo4j_neo4j-ogm,198,49767,45.20163488,10,Java
NetApp_NetApp-Hadoop-NFS-Connector,10,4285,80.8490566,20,Java
netceteragroup_valdr-bean-validation,16,1612,36.63636364,10,Java
Netflix_spectator,29,35476,72.25254582,10,Java
Netflix_Surus,2,1072,97.45454545,30,Java
netplex_json-smart-v2,11,7801,68.42982456,30,Java
NFSdb_nfsdb,53,130103,83.02680281,20,Java
nguyenq_tess4j,3,7817,159.5306122,40,Java
nhl_link-rest,71,24892,34.42876902,20,Java
nhnopensource_volley-extensions,24,8655,46.53225806,20,Java
niclashoyer_neo4j-sparql-extension,8,3424,72.85106383,30,Java
nirmal070125_KubernetesAPIJavaClient,7,1672,52.25,30,Java
NirmataOSS_workflow,10,3858,60.28125,30,Java
NLPchina_ansj_seg,34,12817,68.17553191,10,Java
NLPchina_elasticsearch-sql,15,18306,140.8153846,10,Java
NLPchina_nlp-lang,24,9840,82.68907563,30,Java
Nodeclipse_EditBox,4,3824,83.13043478,40,Java
nosceon_titanite,13,6569,32.845,30,Java
novoda_sqlite-analyzer,8,15784,139.6814159,10,Java
numenta_htm.java,14,44247,155.7992958,20,Java
nurkiewicz_java8-workshop,12,2424,26.63736264,30,Java
nutzam_nutzwx,12,5563,58.55789474,20,Java
nutzam_ssdb4j,5,1657,78.9047619,30,Java
oasp_oasp4j,89,16442,38.06018519,30,Java
OAuth-Apis_apis,23,6142,53.40869565,20,Java
ObeoNetwork_UML-Designer,74,34918,128.8487085,20,Java
OfficeDev_ews-java-api,45,67385,117.600349,10,Java
OHDSI_WebAPI,122,40588,45.75873732,10,Java
open-eid_digidoc4j,35,42463,108.0483461,20,Java
OpenClinica_OpenClinica,136,191202,114.1504478,30,Java
openhab_jmdns,9,13075,139.0957447,30,Java
openhab_openhab2,1087,399254,69.52011144,20,Java
OpenHFT_Chronicle-Bytes,8,15779,77.34803922,20,Java
OpenHFT_Chronicle-Core,21,6647,33.91326531,30,Java
OpenHFT_Chronicle-Map,45,46945,80.66151203,20,Java
OpenHFT_Chronicle-Queue,29,24922,68.46703297,10,Java
OpenHFT_Chronicle-Wire,15,32899,68.25518672,20,Java
OPENNETWORKINGLAB_OpenVirteX,28,17620,75.2991453,20,Java
OpenNMS_newts,15,10571,50.82211538,40,Java
openpreserve_pagelyzer,28,10634,94.10619469,30,Java
openscore_score-actions,164,53748,53.37437934,20,Java
OpenSOC_opensoc-streaming,47,15312,76.56,20,Java
OpenTOSCA_container,270,225049,128.672956,10,Java
opentripplanner_OpenTripPlanner,117,120388,95.62192216,20,Java
operasoftware_operaprestodriver,28,317947,361.7144482,20,Java
optimaize_language-detector,9,3782,54.8115942,40,Java
orangesignal_orangesignal-csv,11,43481,126.7667638,30,Java
OrbitzWorldwide_consul-client,22,42860,116.4673913,30,Java
orientechnologies_orientdb-etl,7,3372,51.09090909,30,Java
orientechnologies_orientdb-lucene,12,2743,70.33333333,20,Java
OryxProject_oryx,56,16401,41.20854271,40,Java
oswetto_Loboevolution,120,230129,108.7052433,30,Java
otros-systems_otroslogviewer,110,42416,51.91676867,10,Java
otto-de_edison-microservice,58,12521,37.94242424,20,Java
outbrain_Aletheia,29,8297,47.68390805,20,Java
oxo42_stateless4j,7,2749,57.27083333,30,Java
pac4j_pac4j,170,38966,50.73697917,40,Java
pac4j_play-pac4j,5,1178,45.30769231,30,Java
pac4j_vertx-pac4j,12,1860,37.95918367,20,Java
PasaLab_Tachyon-Perf,10,2556,59.44186047,20,Java
pastekit_twist,11,5386,61.20454545,30,Java
paukiatwee_budgetapp,21,2979,38.68831169,20,Java
pavel4n_wowdoge.org,31,104773,217.8232848,30,Java
payara_Payara,1100,926609,94.72592517,30,Java
PayPal_SeLion,59,35766,61.34819897,20,Java
pcingola_SnpEff,52,54863,121.6474501,20,Java
peholmst_vaadin4spring,5,1546,36.80952381,20,Java
PhantomYdn_wicket-orientdb,18,8495,53.76582278,20,Java
phasenraum2010_javaee7-petclinic,6,2417,44.75925926,50,Java
phax_ph-css,20,40306,159.9444444,20,Java
PhonyTive_astivetoolkit,23,11391,75.43708609,30,Java
pietermartin_sqlg,19,43943,179.3591837,20,Java
pilehvar_ADW,6,2462,87.92857143,30,Java
Plaid_plaid-java,8,6449,29.85648148,40,Java
plantuml_plantuml,178,225846,78.14740484,20,Java
pmd_pmd-eclipse-plugin,49,35987,100.5223464,10,Java
poetix_octarine,22,4889,31.54193548,30,Java
poetix_protonpack,7,3068,47.9375,30,Java
policeman-tools_forbidden-apis,6,3351,81.73170732,30,Java
polyglot-compiler_polyglot,79,166910,117.9575972,20,Java
Pragmatists_junitparams,14,3351,27.02419355,30,Java
primecloud-controller-org_primecloud-controller,131,184275,107.2613504,20,Java
project-ncl_pnc,171,51199,41.76101142,30,Java
prometheus_jmx_exporter,1,1505,43,60,Java
protostuff_protostuff,18,93313,94.25555556,20,Java
pschirmacher_webster,10,1611,26.40983607,30,Java
psidnell_ofexport2,9,5374,75.69014085,20,Java
ptgoetz_storm-hdfs,10,1718,38.17777778,30,Java
pulsarIO_realtime-analytics,37,11175,82.77777778,10,Java
pumadong_cl-privilege,9,3175,66.14583333,30,Java
pusher_pusher-http-java,4,1206,67,40,Java
pusher_pusher-websocket-java,8,3466,64.18518519,30,Java
querydsl_codegen,4,3990,57,40,Java
querydsl_querydsl,109,115624,33.92723005,20,Java
rabbitmq_hop,2,4843,91.37735849,40,Java
radcortez_wow-auctions,15,1726,35.2244898,30,Java
radkovo_jStyleParser,6,32493,88.77868852,50,Java
rancherio_cattle,456,128391,72.7015855,40,Java
raphaeljolivet_java2typescript,16,2479,23.60952381,30,Java
raydac_java-binary-block-parser,18,31103,86.87988827,30,Java
Rayman2200_PDFA3,4,9171,65.50714286,40,Java
reactive-streams_reactive-streams-jvm,5,11125,91.94214876,50,Java
ReactiveX_RxJava,38,296717,108.6079795,20,Java
readydev_retrogram,3,1073,16.25757576,50,Java
real-logic_Aeron,27,132196,170.1364221,30,Java
real-logic_Agrona,14,27362,92.43918919,20,Java
real-logic_simple-binary-encoding,21,55045,223.7601626,10,Java
recruit-tech_redpen,19,23905,88.866171,30,Java
red5_red5-websocket,6,3643,110.3939394,10,Java
redraiment_jactiverecord,6,2910,97,10,Java
redwarp_9-Patch-Resizer,6,1769,61,30,Java
reinert_requestor,23,19161,40.59533898,30,Java
reines_dropwizard-debpkg-maven-plugin,20,4795,51.55913978,20,Java
release-engineering_pom-manipulation-ext,23,13374,75.13483146,20,Java
remibantos_jeeshop,17,5690,56.9,30,Java
renekrie_querqy,20,18820,59.74603175,30,Java
RentTheRunway2_alchemy,36,7827,42.7704918,20,Java
RestExpress_RestExpress-Examples,13,1038,19.58490566,20,Java
resty-gwt_resty-gwt,24,17101,34.202,30,Java
revapi_revapi,38,24074,33.02331962,20,Java
reveal-technologies_sitewhere,348,87354,71.42600164,20,Java
rhlabs_louie,39,17951,67.99621212,10,Java
RichardWarburton_java-8-lambdas-exercises,33,3505,15.57777778,40,Java
rjenkins_ursus,15,2915,49.40677966,20,Java
RNCryptor_JNCryptor,1,2714,82.24242424,60,Java
robert-bor_aho-corasick,4,2256,50.13333333,40,Java
roboconf_roboconf-platform,143,74742,87.93176471,20,Java
RobotiumTech_robotium,1,8786,172.2745098,60,Java
rocketscience-projects_javaslang,7,83098,164.550495,30,Java
roikku_swift-explorer,27,9993,81.24390244,20,Java
rpau_walkmod-core,22,15578,73.82938389,30,Java
RuedigerMoeller_kontraktor,86,35126,68.20582524,30,Java
ruediste1_btrbck,4,2962,52.89285714,40,Java
ruediste_btrbck,4,2962,52.89285714,40,Java
sailorgeoffrey_ddp-client-java,6,1746,29.1,50,Java
salyh_elasticsearch-river-imap,9,3331,111.0333333,10,Java
salyh_javamail-mock2,2,1546,103.0666667,30,Java
SanderGielisse_Enderstone,29,16269,59.37591241,20,Java
sanity_quickml,88,16979,40.33016627,20,Java
sanjivsingh_stackoverflow-java-sdk,12,13934,129.0185185,30,Java
schema-repo_schema-repo,8,5130,55.16129032,40,Java
scoverage_scoverage-maven-plugin,1,1245,95.76923077,60,Java
scratches_spring-boot-legacy,5,1043,38.62962963,30,Java
scriptella_scriptella-etl,44,23307,64.20661157,30,Java
sd4324530_fastweixin,23,10768,46.21459227,30,Java
sdbg_sdbg,44,27566,68.74314214,20,Java
sdstoehr_har-reader,3,1926,45.85714286,20,Java
seagate_kinetic-java,86,245310,301.3636364,30,Java
searchisko_elasticsearch-river-jira,7,10424,93.07142857,40,Java
searchisko_elasticsearch-river-remote,10,14295,100.6690141,30,Java
searchisko_elasticsearch-river-sysinfo,6,4449,58.53947368,30,Java
sebastiangraf_perfidix,13,6668,67.35353535,30,Java
seleniumQuery_seleniumQuery,120,17700,26.4573991,30,Java
semanticvectors_semanticvectors,13,18558,113.1585366,20,Java
senbox-org_s1tbx,156,134920,122.9899727,30,Java
serenity-bdd_serenity-cucumber,14,3090,20.87837838,20,Java
SharedKnowledge_SharkFW,26,25997,93.51438849,20,Java
sharneng_gm4java,3,2541,74.73529412,20,Java
shazam_fork,40,8062,28.48763251,10,Java
ShifuML_guagua,23,20329,89.95132743,20,Java
shilad_wikibrain,74,58519,76.79658793,30,Java
siacs_Conversations,34,55633,111.266,20,Java
simpligility_android-maven-plugin,43,57555,70.70638821,30,Java
simpligility_android-ndk-maven-plugin,8,3510,83.57142857,20,Java
sindicetech_siren,48,63697,82.29586563,20,Java
sitewhere_sitewhere,348,87354,71.42600164,20,Java
sjamesr_jfreesane,1,2842,86.12121212,60,Java
smola_galimatias,4,4716,90.69230769,20,Java
snazy_ohc,9,16152,91.77272727,30,Java
sockeqwe_fragmentargs,4,2076,122.1176471,20,Java
socketIo4Netty_socketIo4j,5,2861,52.98148148,50,Java
softlayer_softlayer-java,679,307228,95.17596035,10,Java
SomMeri_matasano-cryptopals-solutions,22,7455,49.04605263,30,Java
SonarSource_sonarqube,37,15411,39.82170543,20,Java
sonyxperiadev_gerrit-events,13,11128,85.6,40,Java
SpongePowered_Artemis,4,2106,67.93548387,20,Java
SpongePowered_Mixin,58,39380,95.35108959,20,Java
spotify_crtauth-java,6,2202,52.42857143,50,Java
spotify_docker-client,11,34062,59.65323993,20,Java
spotify_docker-maven-plugin,3,2373,62.44736842,50,Java
spotify_helios,19,33651,61.07259528,30,Java
spotify_trickle,2,2450,38.28125,30,Java
spring-cloud_spring-cloud-cli,14,2432,35.76470588,30,Java
spring-cloud_spring-cloud-config,17,17477,43.36724566,40,Java
spring-cloud_spring-cloud-consul,11,5347,28.9027027,40,Java
spring-projects_spring-data-examples,92,52866,8.143253235,40,Java
spring-projects_spring-data-keyvalue,12,4767,36.66923077,40,Java
spring-projects_spring-integration-java-dsl,19,14639,86.62130178,20,Java
spring-projects_spring-integration-kafka,5,6003,120.06,20,Java
spring-projects_spring-restdocs,24,16619,43.5052356,30,Java
spring-projects_spring-session,31,16777,53.26031746,30,Java
SpringData_spring-data-cassandra,22,9134,43.4952381,30,Java
springdox_springdox,64,22303,31.28050491,20,Java
springer-opensource_omelet,12,4046,67.43333333,20,Java
springfox_springfox,64,22336,31.32678822,20,Java
square_burst,1,1105,19.73214286,60,Java
square_javapoet,2,7018,103.2058824,30,Java
square_moshi,12,26094,62.57553957,40,Java
square_okio,2,5968,129.7391304,40,Java
srikalyc_Sql4D,26,15026,166.9555556,10,Java
stagemonitor_stagemonitor,73,29381,46.56259905,20,Java
statefulj_statefulj,31,5843,48.69166667,20,Java
Steveice10_MCProtocolLib,42,8362,30.29710145,30,Java
stickfigure_objectify-insight,4,1415,34.51219512,40,Java
Stratehm_stratum-proxy,23,10516,92.24561404,20,Java
Stratio_crossdata,2,1774,147.8333333,30,Java
Stratio_flume-ingestion,22,9105,71.69291339,20,Java
Stratio_stratio-ingestion,22,9105,71.69291339,20,Java
Stratio_stratio-meta,2,1774,147.8333333,30,Java
Stratio_stratio-streaming,56,10913,48.93721973,10,Java
Stratio_streaming-cep-engine,56,10913,48.93721973,10,Java
sttc_stateful,5,1327,37.91428571,40,Java
stuartgunter_dropwizard-cassandra,11,1653,22.64383562,30,Java
subchen_jetbrick-template-1x,19,15680,75.74879227,20,Java
subchen_jetbrick-template-2x,38,13736,53.44747082,20,Java
subchen_jetbrick-webmvc,11,3767,28.32330827,20,Java
super-csv_super-csv,27,21392,75.85815603,30,Java
SurveyMan_SurveyMan,18,8744,67.78294574,20,Java
swagger-api_swagger-parser,7,10901,213.745098,30,Java
swookiee_com.swookiee.runtime,17,1881,34.83333333,20,Java
tabulapdf_tabula-java,6,5669,89.98412698,30,Java
takahi-i_likelike,8,2728,59.30434783,20,Java
takari_takari-lifecycle,65,13150,39.96960486,20,Java
takari_takari-local-repository,6,3900,114.7058824,30,Java
takezoe_xlsbeans,10,4118,48.44705882,30,Java
tarql_tarql,2,2591,76.20588235,30,Java
TDesjardins_GWT-OL3-Playground,31,12472,31.49494949,20,Java
tdunning_t-digest,5,9734,81.79831933,50,Java
teamed_qulice,18,12577,28.39051919,40,Java
teamed_requs,9,5666,56.0990099,40,Java
TEAMMATES_repo,28,45302,84.51865672,20,Java
tech-advantage_sonar-gerrit-plugin,9,2340,61.57894737,20,Java
techdev-solutions_trackr-backend,31,4711,26.31843575,30,Java
TechzoneMC_NPCLib,30,4650,45.14563107,20,Java
tectonicus_tectonicus,17,21757,70.18387097,20,Java
tesis-dynaware_graph-editor,25,15728,117.3731343,30,Java
tesseradata_RHIPE,3,13247,203.8,30,Java
thatJavaNerd_JRAW,6,1861,29.078125,20,Java
thechunknetwork_RedisBungee,4,2171,57.13157895,40,Java
TheHolyWaffle_League-of-Legends-XMPP-Chat-Library,5,1858,71.46153846,30,Java
TheHolyWaffle_TeamSpeak-3-Java-API,10,12035,97.05645161,40,Java
thelinmichael_spotify-web-api-java,47,27097,56.68828452,10,Java
TheLQ_PircBotX,12,12536,64.28717949,30,Java
theupswell_appengine-counter,6,4131,89.80434783,30,Java
thm-projects_arsnova-backend,27,18877,52.43611111,30,Java
tiagobento_watertemplate-engine,16,2269,22.02912621,10,Java
timolson_cointrader,11,27628,90.88157895,30,Java
timtiemens_secretshare,11,9794,113.8837209,30,Java
tlaukkan_zigbee4java,94,52007,52.90640895,30,Java
tltv_gantt,16,22280,145.620915,20,Java
TomasMikula_EasyBind,3,1319,30.6744186,40,Java
TomasMikula_ReactFX,11,14684,41.01675978,20,Java
TomasMikula_RichTextFX,15,15850,77.69607843,40,Java
tomaswolf_gerrit-gitblit-plugin,13,14466,162.5393258,20,Java
tomitribe_crest,27,9667,42.77433628,30,Java
tomsteele_burpbuddy,1,1764,47.67567568,60,Java
tracee_tracee,27,6535,32.03431373,30,Java
TrsstProject_trsst,4,6497,259.88,20,Java
trulia_trulia-java-rets-client,6,13402,60.36936937,50,Java
twitter_cloudhopper-commons,32,28925,66.95601852,30,Java
twitter_hpack,4,2976,76.30769231,20,Java
twitter_netty-http2,1,5711,92.11290323,60,Java
tynamo_tapestry-security,15,3230,46.8115942,30,Java
ui4j_ui4j,11,3414,37.51648352,30,Java
unitsofmeasurement_unit-ri,9,11696,90.66666667,20,Java
usc-isi-i2_Web-Karma,77,71344,81.536,20,Java
uwolfer_gerrit-rest-java-client,25,12871,36.56534091,40,Java
valchkou_cassandra-driver-mapping,6,5569,111.38,30,Java
vbauer_avconv4java,6,1574,47.6969697,40,Java
vbauer_caesar,11,1187,26.37777778,30,Java
vbence_stream-m,11,6658,41.6125,20,Java
vert-x3_codegen,14,7462,79.38297872,20,Java
vert-x3_service-proxy,6,2295,76.5,30,Java
vert-x3_vertx-codegen,14,7462,79.38297872,20,Java
vert-x3_vertx-groovy,134,89890,92.38437821,30,Java
vert-x3_vertx-metrics,5,4960,72.94117647,30,Java
vert-x3_vertx-rx,257,178854,112.6284635,40,Java
vibe-project_vibe-java-server,4,1727,71.95833333,20,Java
Vincentyification_JavaBot,12,3950,64.75409836,30,Java
virgo47_javasimon,37,26738,65.21463415,20,Java
viritin_viritin,32,20754,51.49875931,20,Java
vladimirvivien_clamshell-cli,5,1990,56.85714286,50,Java
vmware_upgrade-framework,18,6493,53.66115702,30,Java
vt-middleware_passay,6,8965,68.96153846,30,Java
w3blogfr_zebra-zpl,4,1165,52.95454545,40,Java
wangzw_CppStyle,2,3844,153.76,30,Java
WASdev_standards.jsr352.jbatch,34,15845,56.18794326,30,Java
webdriverextensions_webdriverextensions,13,6184,61.84,20,Java
welovecoding_editorconfig-netbeans,18,5137,60.43529412,40,Java
wendykierp_JTransforms,5,82184,1325.548387,40,Java
WhisperSystems_libaxolotl-android,15,32654,174.6203209,30,Java
WhisperSystems_PushServer,9,1268,36.22857143,30,Java
WhisperSystems_WebSocket-Resources,11,10206,159.46875,30,Java
whois-server-list_public-suffix-list,8,1528,42.44444444,10,Java
wikimedia_search-highlighter,15,18785,53.51851852,40,Java
wildfly-extras_wildfly-camel,19,6847,44.17419355,20,Java
wildfly_wildfly-core,232,436248,87.6880402,20,Java
wix_petri,30,10830,38.54092527,20,Java
wiztools_rest-client,26,12529,54.71179039,30,Java
Wolfgang-Schuetzelhofer_jcypher,58,37748,78.15320911,30,Java
wso2_balana,27,27822,92.12582781,20,Java
wso2_product-esb,68,15305,78.08673469,20,Java
wso2_siddhi,147,134494,106.235387,20,Java
xerial_sqlite-jdbc,8,17451,150.4396552,40,Java
xhanin_jarup,2,1092,54.6,30,Java
XiaoMi_chronos,6,4768,89.96226415,40,Java
XiaoMi_themis,14,10549,64.32317073,30,Java
xmlunit_xmlunit,19,28997,78.37027027,30,Java
xored_yang-ide,48,43455,87.96558704,20,Java
xpqiu_fnlp,75,34280,83.6097561,40,Java
xvik_dropwizard-guicey,72,12873,45.975,10,Java
xvik_guice-validator,17,1385,23.08333333,20,Java
yahoo_artifactory_ssh_proxy,21,8659,53.45061728,30,Java
yahoo_xpath_proto_builder,4,16498,499.9393939,20,Java
yammer_breakerbox,25,2724,32.42857143,20,Java
yammer_tenacity,15,1820,36.4,20,Java
yegor256_netbout,14,11326,48.4017094,40,Java
yfpeng_pengyifan-commons,11,6256,80.20512821,40,Java
Yubico_java-u2flib-server,14,2234,31.91428571,20,Java
zafarkhaja_jsemver,3,4818,70.85294118,30,Java
zillabyte_motherbrain,44,19397,62.77346278,10,Java
zsoltherpai_fluent-jdbc,15,2581,32.2625,10,Java
zutherb_AppStash,66,5328,31.90419162,20,Java
7Pass_7Pass-Remake,25,7379,53.86131387,20,cs
Aaronontheweb_helios,45,24104,75.79874214,20,cs
Aaronontheweb_qdfeed,4,2139,46.5,30,cs
Abc-Arbitrage_Zebus,46,14759,45.97819315,10,cs
adammhaile_Elpis,31,21685,93.06866953,20,cs
AdamsLair_treeviewadv,5,9115,100.1648352,30,cs
adamyeager_PushbulletSharp,10,4471,48.07526882,30,cs
AdaptiveConsulting_ReactGraph,9,2486,27.31868132,20,cs
aegif_CmisSync,11,19242,213.8,30,cs
affandar_durabletask,33,26660,91.30136986,20,cs
akkadotnet_akka.net,145,211471,71.05880376,10,cs
AndresTraks_BulletSharp,34,20642,135.8026316,10,cs
andyfmiller_LtiLibrary,14,9228,59.53548387,20,cs
appium_appium-dotnet-driver,25,8706,59.2244898,20,cs
ArcticEcho_Phamhilator,9,2511,71.74285714,10,cs
arenanet_socknet,15,9438,121,30,cs
ArxOne_MrAdvice,43,15467,61.13438735,20,cs
ashmind_TryRoslyn,22,4347,36.52941176,20,cs
aspnet_DataCommon.SQLite,6,8642,254.1764706,20,cs
aspnet_DataProtection,59,19937,64.73051948,10,cs
aspnet_Diagnostics,37,13235,92.55244755,20,cs
aspnet_Hosting,28,10475,53.17258883,30,cs
aspnet_HttpAbstractions,48,33312,94.63636364,20,cs
aspnet_Routing,33,70938,165.3566434,20,cs
aspnet_Security,64,19203,71.3866171,30,cs
aspnet_StaticFiles,8,4066,101.65,20,cs
AvilanceLtd_StarryboundServer,7,5943,81.4109589,40,cs
Azure-Readiness_DevCamp,18,3803,41.33695652,30,cs
AzureAD_azure-activedirectory-identitymodel-extensions-for-dotnet,25,80753,141.4238179,20,cs
AzureAD_azure-activedirectory-library-for-dotnet,6,1795,74.79166667,30,cs
Azure_azure-mobile-services,21,25278,92.25547445,20,cs
Azure_azure-powershell,742,592390,80.59727891,20,cs
Azure_azure-sdk-for-media-services,21,27499,87.85623003,20,cs
Azure_azure-sdk-for-media-services-extensions,2,2662,110.9166667,50,cs
Azure_azure-sdk-for-net,308,1639597,349.370765,20,cs
bchavez_Coinbase,4,2112,28.16,20,cs
bchavez_SharpFlame,66,55499,120.1277056,10,cs
belczyk_elasticops,17,3007,32.68478261,10,cs
BenFradet_RiotSharp,51,9315,36.96428571,20,cs
bordoley_SQLitePCL.pretty,5,9468,72.27480916,40,cs
brandondahler_Data.HashFunction,23,13371,78.19298246,10,cs
breeze_breeze.sharp,9,14457,64.54017857,30,cs
brucedog_u2flib,14,2119,42.38,20,cs
BruTile_BruTile,21,11208,54.40776699,20,cs
bugsnag_bugsnag-dotnet,30,9321,68.53676471,10,cs
ButchersBoy_Dragablz,21,14858,46.14285714,30,cs
buybackoff_Ractor.CLR,4,5075,90.625,20,cs
ByteBlast_Validator,2,1287,183.8571429,30,cs
cake-build_cake,162,65780,76.13425926,20,cs
castleproject_castlezmq,15,4133,59.04285714,10,cs
CatenaLogic_GitLink,6,1606,50.1875,20,cs
ceee_ReadSharp,4,24039,300.4875,40,cs
CenturyLinkCloud_ElasticLINQ,27,10269,56.1147541,20,cs
chocolatey_ChocolateyGUI,33,9992,62.0621118,10,cs
Cimpress-MCP_TimberWinR,11,8681,70.57723577,20,cs
cityindex-attic_CIAPI.CS,13,5687,34.67682927,20,cs
cityindex_LogSearchShipper,8,2893,52.6,20,cs
CityofSantaMonica_SODA.NET,4,2815,87.96875,30,cs
cliftonm_HOPE,91,58010,94.01944895,10,cs
ClothesHorse_microscope,4,2228,106.0952381,20,cs
cmatskas_Azure.Storage,5,2321,68.26470588,20,cs
code-cracker_code-cracker,13,12042,62.71875,30,cs
Code-Sharp_WampSharp,84,33546,39.41950646,10,cs
codecadwallader_codemaid,34,24248,110.7214612,10,cs
CodeConnect_SourceBrowser,17,3042,39,30,cs
coding-chick_BeatsMusicCSharp,21,2302,30.69333333,20,cs
conceptdev_xamarin-forms-samples,70,38353,95.16873449,20,cs
controlflow_resharper-postfix,26,14082,50.29285714,30,cs
CosmosOS_Cosmos,229,233272,126.5032538,10,cs
Criteo_memcache-driver,14,3704,62.77966102,20,cs
crossvertise_ActionMailerNext,12,4768,110.8837209,30,cs
d60_Cirqus,57,14985,52.95053004,10,cs
danbarua_Nancy.Hal,9,1442,29.42857143,30,cs
danbarua_NEventSocket,11,9391,79.58474576,40,cs
danielmoore_WpfIgniter,6,3450,60.52631579,30,cs
DanTup_DartVS,11,9374,36.47470817,30,cs
DarkAutumn_WinterBot,14,17780,88.01980198,20,cs
DaveSenn_PortableExtensions,3,16796,103.6790123,50,cs
developerforce_Force.com-Toolkit-for-NET,11,2910,29.1,20,cs
djungelorm_krpc,34,35189,86.03667482,10,cs
dnGrep_dnGrep,20,26360,121.4746544,20,cs
dotliquid_dotliquid,12,5380,55.46391753,20,cs
DotNetAnalyzers_StyleCopAnalyzers,28,53084,110.5916667,40,cs
dotnet_corefxlab,126,91613,132.3887283,10,cs
dotnet_orleans,341,141045,66.28054511,10,cs
DropNet_DropNet,12,5115,89.73684211,30,cs
DropNet_DropNetRT,7,1652,71.82608696,40,cs
dubeaud_bugnet,59,129965,179.0151515,30,cs
duplicati_duplicati,114,82063,85.57142857,20,cs
dvsekhvalnov_jose-jwt,9,6309,56.33035714,30,cs
dzharii_swd-recorder,17,24264,77.52076677,20,cs
EamonNerbonne_ExpressionToCode,3,2954,57.92156863,20,cs
EHVAG_demoinfo,9,6081,61.42424242,20,cs
elasticsearch_elasticsearch-net,154,185125,33.81896237,10,cs
elastic_elasticsearch-net,154,185125,33.81896237,10,cs
elbandit_PPPDDD,175,11695,18.1881804,10,cs
Esri_joint-military-symbology-xml,2,14695,123.487395,30,cs
eswann_Mapster,6,5424,65.34939759,30,cs
ethomson_infinity.net,6,3549,46.69736842,30,cs
etishor_Metrics.NET,24,10917,49.62272727,10,cs
exactonline_ClientSDK,42,17523,61.26923077,30,cs
exceptionless_Exceptionless,50,15963,38.93414634,20,cs
exceptionless_Foundatio,34,15834,51.57654723,10,cs
exxeleron_qSharp,1,3888,94.82926829,60,cs
ezet_evelib,34,23524,65.34444444,20,cs
flickr-downloadr_flickr-downloadr-gtk,22,7647,71.46728972,30,cs
flumbee_mobiledb,19,3627,31.81578947,20,cs
Fortis-Collection_fortis,27,5321,45.87068966,10,cs
frabert_NetLua,3,3628,78.86956522,20,cs
frankhommers_Hangfire.PostgreSql,4,2726,41.3030303,40,cs
FransBouma_LinqToSQL2,13,54359,129.1187648,20,cs
garuma_bikr,2,2383,68.08571429,60,cs
Geaz_sharpDox,44,10900,61.93181818,20,cs
GeoJSON-Net_GeoJSON.Net,5,2304,65.82857143,30,cs
GeorgeHahn_SOVND,24,8323,56.61904762,10,cs
Geta_EPi.Extensions,8,2604,56.60869565,10,cs
ghuntley_Conditions,1,11722,689.5294118,60,cs
googleads_googleads-dotnet-lib,132,454770,67.51336105,20,cs
grokys_Perspex,172,180492,82.19125683,10,cs
HangfireIO_Hangfire,29,32294,80.33333333,20,cs
helios-io_helios,45,24104,75.79874214,20,cs
helix-toolkit_helix-toolkit,241,374659,116.1733333,10,cs
HenkMollema_Dapper-FluentMap,9,1229,47.26923077,10,cs
Hihaj_SlackCommander,8,1549,32.27083333,20,cs
HubertJ_QuandlCS,7,1924,83.65217391,10,cs
hudl_HudlFfmpeg,50,8239,28.41034483,10,cs
hudl_Mjolnir,11,2670,47.67857143,40,cs
i4004_Simplify,52,8662,41.24761905,20,cs
IdentityModel_AuthorizationServer,30,6051,39.54901961,20,cs
IdentityModel_Thinktecture.IdentityModel.45,34,2268,26.37209302,10,cs
IdentityServer_IdentityServer3,29,29298,64.96230599,20,cs
IdentityServer_IdentityServer3.AccessTokenValidation,2,1221,58.14285714,30,cs
imazen_resizer,131,2102396,1639.934477,10,cs
Impyy_SharpTox,8,10157,49.06763285,40,cs
inflatablefriends_lastfm,26,5757,32.71022727,30,cs
int6_CoiniumServ,75,16809,45.18548387,10,cs
int6_uhttpsharp,13,3227,27.11764706,20,cs
InvisibleShield_FFXIV-Zodiac-Glass,6,2576,67.78947368,30,cs
IoFx_IoFx,16,2904,31.22580645,30,cs
j6mes_httplib,11,2962,40.57534247,40,cs
jacobdufault_forge,14,10543,51.17961165,20,cs
jacobdufault_fullserializer,9,15330,78.61538462,40,cs
jamesmontemagno_MyExpenses,20,2593,55.17021277,10,cs
jefking_King.Service,12,3941,42.37634409,20,cs
jeske_SimpleScene,12,21993,77.9893617,20,cs
jestonedev_ActivityManager,17,11486,109.3904762,10,cs
jni4net_jni4net,68,88745,91.02051282,20,cs
joancaron_OpenWeatherMap-Api-Net,2,3384,35.25,60,cs
joelweiss_ChangeTracking,2,1797,57.96774194,30,cs
johnkors_IdentityServer3.Contrib.Localization,6,1022,63.875,30,cs
JonPSmith_GenericServices,10,3229,35.87777778,20,cs
jonsequitur_Its.Cqrs,34,30154,90.55255255,20,cs
Jossef_edsdk-wrapper,10,4441,51.63953488,30,cs
Jroland_kafka-net,5,4738,46.91089109,30,cs
jstedfast_MailKit,41,321199,312.1467444,30,cs
JudahGabriel_RavenDB.ModernMvcStarterKit,4,1727,44.28205128,40,cs
justeat_JustSaying,20,6355,41.26623377,20,cs
justeat_ZendeskApiClient,14,6988,29.48523207,20,cs
JustGiving_JustGiving.EventStore.Http,6,1957,39.93877551,10,cs
kbilsted_StatePrinter,6,2077,48.30232558,30,cs
Keboo_PebbleSharp,31,7222,41.74566474,10,cs
kentcb_PCLMock,9,4828,81.83050847,30,cs
kria_Tfs2Slack,11,3383,33.16666667,20,cs
kria_TfsNotificationRelay,11,3383,33.16666667,20,cs
KSP-KOS_KOS,46,60816,91.04191617,20,cs
KSP-RO_RealismOverhaul,4,1794,71.76,20,cs
KvanTTT_MathExpressions.NET,2,4740,197.5,30,cs
KyleGobel_Hipchat-CS,7,2088,34.8,30,cs
LHCGreg_animerecs,24,11412,47.3526971,20,cs
ligershark_AzureJobs,6,1217,50.70833333,10,cs
LightBlueProject_LightBlue,28,6349,39.43478261,20,cs
Litipk_ColorSharp,6,6770,165.1219512,20,cs
LogFlow_LogFlow,11,1370,21.74603175,20,cs
logsearch_LogSearchShipper,8,2893,52.6,20,cs
louthy_language-ext,54,257432,155.3602897,10,cs
Lunch-box_SimpleOrderRouting,9,1197,26.02173913,20,cs
madelson_MedallionShell,5,4119,93.61363636,40,cs
madskristensen_JSON-Intellisense,6,2354,39.89830508,10,cs
maingi4_ProtoBuf.Wcf,9,3021,46.47692308,30,cs
MakoLab_RomanticWeb,46,29128,59.0831643,10,cs
mandest_Nap,53,7377,47.59354839,20,cs
manicdigger_manicdigger,14,30262,123.0162602,30,cs
marco-calautti_Rainbow,16,8106,74.36697248,30,cs
MartinChavez_School-of-CSharp,21,1154,19.89655172,20,cs
martincostello_sqllocaldb,5,7887,146.0555556,20,cs
mathnet_mathnet-filtering,22,4674,55.64285714,30,cs
MatterHackers_agg-sharp,127,157492,110.2113366,20,cs
MatterHackers_MatterControl,77,210112,166.0964427,20,cs
MatterHackers_MatterSlice,8,15818,135.1965812,40,cs
maxtoroq_MvcCodeRouting,23,8775,49.29775281,30,cs
Merchello_Merchello,199,161429,91.25438101,10,cs
meshmash_Plankton,3,3374,198.4705882,20,cs
mgravell_protobuf-net,98,87420,42.0692974,20,cs
michaellperry_Assisticant,40,21171,54.70542636,30,cs
Microsoft_Win2D,21,37142,146.8063241,20,cs
mike-ward_Markdown-Edit,11,7484,49.89333333,30,cs
mike-ward_tweetz-desktop,10,4731,35.30597015,20,cs
Mimetis_SyncWinRT,41,101014,119.5431953,20,cs
mmanela_diffplex,11,4212,91.56521739,20,cs
mmbot_mmbot,21,12102,79.61842105,20,cs
mono_CocosSharp,147,543308,86.14364991,20,cs
mono_roslyn,592,803170,129.9627832,10,cs
moritzuehling_DemoInfo-public,9,6081,61.42424242,20,cs
mrsharpoblunto_BobbyTables,3,8220,152.2222222,60,cs
MSOpenTech_azure-activedirectory-jwt-token-handler-for-dotnet,3,5695,118.6458333,40,cs
MSOpenTech_azure-activedirectory-library-for-dotnet,6,1795,74.79166667,30,cs
mspnp_semantic-logging,40,11867,83.57042254,20,cs
Myrcon_Procon-2-Potato,123,33170,59.87364621,10,cs
nachmore_unBand,17,9711,64.74,20,cs
NakedObjectsGroup_NakedObjectsFramework,142,72872,38.51585624,20,cs
neolithos_neolua,7,26111,186.5071429,40,cs
nerdfury_Slack.Webhooks,5,2068,41.36,20,cs
NetTopologySuite_NetTopologySuite,62,71492,123.6885813,10,cs
NetTopologySuite_ProjNet4GeoAPI,7,9253,138.1044776,30,cs
neuecc_LINQ-to-GameObject-for-Unity,3,6536,363.1111111,20,cs
neuecc_UniRx,14,73147,75.87863071,20,cs
nhibernate_NHibernate-Search,20,8865,59.1,20,cs
nhibernate_NHibernate.Spatial,20,11380,75.86666667,30,cs
nHydrate_nHydrate,113,138006,177.8427835,10,cs
NiclasOlofsson_MiNET,35,77217,58.14533133,20,cs
NicolasDorier_NBitcoin,58,135838,133.1745098,20,cs
NicoVermeir_XamlStyler,12,2695,39.05797101,20,cs
nodatime_nodatime,30,37732,107.8057143,20,cs
NonFactors_MVC.Grid,1,1387,30.15217391,60,cs
NServiceKit_NServiceKit.OrmLite,54,45277,143.7365079,20,cs
NServiceKit_NServiceKit.Redis,8,12741,135.5425532,20,cs
ntent-ad_kafka4net,11,6581,73.94382022,30,cs
NuGet_json-ld.net,4,10663,213.26,40,cs
NuGet_NuGet.PackageManagement,13,56566,200.5886525,30,cs
NuGet_NuGet.VisualStudioExtension,25,27592,90.16993464,30,cs
objorke_PropertyTools,4,1590,24.84375,40,cs
objorke_QuantityTypes,6,5698,78.05479452,30,cs
OctopusDeploy_Octodiff,6,2275,39.9122807,30,cs
oenning_SharpSapRfc,8,1713,36.44680851,20,cs
OfficeDev_PnP,444,352848,96.2487725,10,cs
OmniSharp_omnisharp-server,72,8178,34.65254237,10,cs
OmniSharp_OmniSharpServer,72,8178,34.65254237,10,cs
onovotny_BouncyCastle-PCL,460,956676,115.2205227,20,cs
OpenCoverUI_OpenCover.UI,16,5300,43.44262295,20,cs
OpenCover_opencover,31,9519,67.99285714,10,cs
OpenSharp_UnitWrappers,56,17032,87.34358974,20,cs
openssl-net_openssl-net,9,15544,101.5947712,30,cs
OrchardCMS_Brochard,796,94929,33.19195804,10,cs
OsmSharp_GTFS,16,9868,116.0941176,30,cs
OsmSharp_OsmSharp,45,37489,115.3507692,20,cs
owin_museum-piece-gate,23,13579,113.1583333,20,cs
oxyplot_oxyplot,13,59758,149.395,20,cs
ParticularLabs_GitVersion,26,8948,44.51741294,20,cs
Particular_docs.particular.net,316,22657,18.64773663,20,cs
Particular_GitVersion,26,8948,44.51741294,20,cs
PayPal_PayPal-NET-SDK,15,32178,60.59887006,30,cs
philiplaureano_Deflector.NET,3,2085,74.46428571,20,cs
phogue_Potato,123,33170,59.87364621,10,cs
PistonDevelopers_VisualRust,38,20171,66.35197368,20,cs
playgameservices_play-games-plugin-for-unity,18,16651,98.52662722,20,cs
PolarbearDK_Miracle.FileZilla.Api,1,2701,61.38636364,60,cs
PolarisTeam_PolarisServer,11,5562,43.79527559,30,cs
POPWorldMedia_POPForums,31,17256,48.20111732,10,cs
praeclarum_Bind,8,3103,68.95555556,20,cs
PrintsCharming_ObjectHydrator,3,15502,292.490566,30,cs
ProtoTest_ProtoTest.Golem,18,10452,90.88695652,20,cs
pschichtel_LyricsReloaded,7,3537,48.45205479,30,cs
psmacchia_NDepend.Path,5,12010,131.978022,40,cs
pvginkel_PdfiumViewer,6,8637,97.04494382,10,cs
qianlifeng_Wox,35,11683,60.53367876,20,cs
Quobject_EngineIoClientDotNet,32,26044,84.01290323,40,cs
RadicalFx_radical,24,19593,86.69469027,10,cs
Ravadre_Stacks,19,8466,60.04255319,20,cs
RazorGenerator_RazorGenerator,28,6045,43.80434783,10,cs
re-motion_Relinq,101,40952,44.61002179,20,cs
remyvd_NodaMoney,3,2517,228.8181818,20,cs
rexm_Handlebars.Net,4,5238,48.05504587,20,cs
richardszalay_mockhttp,8,5352,70.42105263,50,cs
RickStrahl_WestWindWebSurge,7,9101,149.1967213,30,cs
riganti_redwood,93,84159,59.30866808,10,cs
riipah_vocadb,160,70887,47.41605351,10,cs
RIT-MAGIC_JustPressPlay,7,13340,72.5,30,cs
rnicoll_ncrypto-currency-exchange,11,5127,39.43846154,30,cs
RobertSmith_Orchestrate.NET,3,1686,73.30434783,40,cs
rogeralsing_akka.net,98,143229,63.7423231,10,cs
rogeralsing_Pigeon,145,211471,71.05880376,10,cs
Rohansi_Mond,20,15704,59.26037736,20,cs
ronnycsharp_WPFLight,42,33442,88.70557029,10,cs
rowanmiller_Demo-EF7,11,2299,54.73809524,10,cs
rprouse_GitHubExtension,17,3643,31.13675214,30,cs
rscustom_rocksmith-custom-song-toolkit,56,52321,125.470024,10,cs
runceel_ReactiveProperty,32,28926,165.2914286,30,cs
Runt-Editor_Runt,23,5107,48.17924528,20,cs
SamHurne_gw2pao,100,35231,94.96226415,20,cs
scommisso_vimeo-dot-net,9,5869,54.85046729,40,cs
SergeyTeplyakov_ReSharperContractExtensions,17,8185,40.925,30,cs
ServiceStackV3_ServiceStack.Contrib,27,6278,60.95145631,20,cs
ServiceStack_ServiceStackVS,21,6368,47.87969925,20,cs
shadowsocks_shadowsocks-csharp,18,15272,121.2063492,20,cs
Shazwazza_Smidge,13,6571,57.13913043,20,cs
SimonCropp_Chevron,10,7443,206.75,20,cs
Sitefinity_feather,35,21345,102.6201923,20,cs
smolyakoff_essential-templating,13,2357,38.01612903,20,cs
SnowflakePowered_snowflake,24,2284,40.07017544,10,cs
somdoron_AsyncIO,3,1730,78.63636364,20,cs
somedave_FluentBootstrap,34,8405,37.69058296,20,cs
Sonarr_Sonarr,303,90063,38.90410367,20,cs
SparkDevNetwork_Rock,215,549277,113.5808519,20,cs
SphtKr_JSONAPI.NET,21,5909,37.87820513,10,cs
splunk_splunk-sdk-csharp-pcl,20,34637,131.6996198,20,cs
sschmid_Entitas-CSharp,19,8224,32.63492063,30,cs
StefanOssendorf_SecurityHeadersMiddleware,6,4584,64.56338028,30,cs
StephenCleary_Comparers,6,2074,50.58536585,20,cs
Swarmops_Swarmops,105,116754,132.0746606,10,cs
Taggersoft_SharpMTProto,18,7726,22.32947977,30,cs
Taggersoft_SharpTelegram,2,4268,9.023255814,30,cs
tavis-software_Tavis.PrivateCache,2,1032,57.33333333,60,cs
telerik_JustMockLite,158,69816,66.3019943,10,cs
terrajobst_NQuery,12,40319,97.86165049,30,cs
terrajobst_nuproj,28,2109,28.5,20,cs
tfsaggregator_tfsaggregator,19,6022,46.68217054,20,cs
TheBerkin_Rant,27,19288,99.42268041,20,cs
thinktecture_Thinktecture.IdentityServer.v3.EntityFramework,9,4132,53.66233766,20,cs
TimSchlechter_Swagger.Codegen.Net,10,5247,86.01639344,20,cs
tmenier_Flurl,6,4426,81.96296296,30,cs
tonyqus_toxy,13,11754,56.7826087,30,cs
tonysneed_trackable-entities,26,11764,69.60946746,20,cs
Tulpep_Active-Directory-Object-Picker,2,1185,33.85714286,30,cs
tumtumtum_Shaolinq,20,66699,121.7135036,20,cs
tunnelvisionlabs_antlr4cs,26,50197,107.4882227,30,cs
TwoMaKing_EApp,111,143404,166.1691773,20,cs
Tynamix_ObjectFiller.NET,2,4702,82.49122807,30,cs
uComponents_nuPickers,61,4051,29.78676471,10,cs
uComponents_uComponents,110,47523,111.8188235,10,cs
uhaciogullari_SimpleMvcSitemap,13,1778,33.54716981,20,cs
urasandesu_Prig,15,6940,45.35947712,30,cs
UweKeim_ZetaLongPaths,14,26424,275.25,30,cs
vknet_vk,42,74767,81.53435115,10,cs
voat_voat,70,40473,57.57183499,10,cs
VocaDB_vocadb,160,70887,47.41605351,10,cs
Warewolf-ESB_Warewolf-ESB,704,406667,115.3992622,10,cs
webformsmvp_webformsmvp,19,4415,38.39130435,20,cs
welegan_RedisSessionProvider,4,2086,115.8888889,20,cs
weltkante_managed-lzma,102,191027,127.4362909,30,cs
wildbunny_metaexchange,15,8321,56.22297297,30,cs
wnmp_wnmp,7,3274,155.9047619,30,cs
worldexplorer_SquareOne,152,507043,153.1389308,20,cs
wudixiaop_ShaderlabVS,7,5863,43.75373134,20,cs
xamarin_SignaturePad,7,9643,125.2337662,50,cs
xamarin_xamarin-forms-samples,786,1380323,368.2825507,20,cs
xanathar_moonsharp,203,221347,65.15955255,20,cs
XeeX_LeagueOfLegendsAPI,60,5885,23.92276423,20,cs
xenolightning_AudioSwitcher,26,13961,44.18037975,30,cs
XForms_Xamarin-Forms-Labs,232,295094,176.1755224,20,cs
XLabs_Xamarin-Forms-Labs,232,295094,176.1755224,20,cs
xplicit_HyperFastCgi,16,4302,60.5915493,40,cs
xunit_resharper-xunit,3,1586,66.08333333,20,cs
xunit_samples,12,1612,27.3220339,20,cs
xunit_samples.xunit,12,1612,27.3220339,20,cs
xunit_xamarin.xunit,3,14034,701.7,20,cs
yevhen_Orleankka,49,9225,23.0625,20,cs
YoloDev_elephanet,6,1638,39.95121951,30,cs
Yonom_CupCake,52,18470,42.07289294,20,cs
yysun_git-tools,15,11245,130.755814,30,cs
ZeroK-RTS_Zero-K-Infrastructure,99,138865,92.76219105,20,cs
ziyasal_InfluxDB.Net,12,1956,32.6,30,cs